,,,,,,,,,,,,,,,,
,,,,,,,,,,,,,,,,
,,,,,,,,,,,,,,,,
,Airport IATA,Year,Type ,Month ,Arrival/Departure,Destination_City ,Pax,ATMs,,,,,,,,
,DMM,2025,International,Jan,Arrival,Abu Dhabi," 19,963 ", 122 ,,,,,,,,
,DMM,2025,International,Feb,Arrival,Abu Dhabi," 17,381 ", 107 ,,,,,,,,
,DMM,2025,International,Mar,Arrival,Abu Dhabi," 11,626 ", 114 ,,,,,,,,
,DMM,2025,International,Apr,Arrival,Abu Dhabi," 15,626 ", 111 ,,,,,,,,
,DMM,2025,International,May,Arrival,Abu Dhabi," 14,186 ", 106 ,,,,,,,,
,DMM,2025,International,Jun,Arrival,Abu Dhabi," 16,576 ", 112 ,,,,,,,,
,DMM,2025,International,Jul,Arrival,Abu Dhabi," 16,848 ", 106 ,,,,,,,,
,DMM,2025,International,Aug,Arrival,Abu Dhabi," 15,648 ", 100 ,,,,,,,,
,DMM,2025,International,Sep,Arrival,Abu Dhabi," 12,168 ", 91 ,,,,,,,,
,DMM,2025,International,Oct,Arrival,Abu Dhabi," 17,247 ", 123 ,,,,,,,,
,DMM,2025,International,Jan,Departure,Abu Dhabi," 18,389 ", 122 ,,,,,,,,
,DMM,2025,International,Feb,Departure,Abu Dhabi," 15,686 ", 107 ,,,,,,,,
,DMM,2025,International,Mar,Departure,Abu Dhabi," 15,214 ", 114 ,,,,,,,,
,DMM,2025,International,Apr,Departure,Abu Dhabi," 16,664 ", 111 ,,,,,,,,
,DMM,2025,International,May,Departure,Abu Dhabi," 16,351 ", 106 ,,,,,,,,
,DMM,2025,International,Jun,Departure,Abu Dhabi," 16,927 ", 112 ,,,,,,,,
,DMM,2025,International,Jul,Departure,Abu Dhabi," 14,640 ", 106 ,,,,,,,,
,DMM,2025,International,Aug,Departure,Abu Dhabi," 12,516 ", 100 ,,,,,,,,
,DMM,2025,International,Sep,Departure,Abu Dhabi," 11,152 ", 91 ,,,,,,,,
,DMM,2025,International,Oct,Departure,Abu Dhabi," 14,649 ", 123 ,,,,,,,,
,DMM,2025,International,Jan,Arrival,Addis Ababa," 4,010 ", 31 ,,,,,,,,
,DMM,2025,International,Feb,Arrival,Addis Ababa," 4,070 ", 28 ,,,,,,,,
,DMM,2025,International,Mar,Arrival,Addis Ababa," 4,393 ", 31 ,,,,,,,,
,DMM,2025,International,Apr,Arrival,Addis Ababa," 3,629 ", 27 ,,,,,,,,
,DMM,2025,International,May,Arrival,Addis Ababa," 3,620 ", 30 ,,,,,,,,
,DMM,2025,International,Jun,Arrival,Addis Ababa," 3,915 ", 29 ,,,,,,,,
,DMM,2025,International,Jul,Arrival,Addis Ababa," 4,186 ", 29 ,,,,,,,,
,DMM,2025,International,Aug,Arrival,Addis Ababa," 4,564 ", 31 ,,,,,,,,
,DMM,2025,International,Sep,Arrival,Addis Ababa," 4,377 ", 30 ,,,,,,,,
,DMM,2025,International,Oct,Arrival,Addis Ababa," 4,215 ", 29 ,,,,,,,,
,DMM,2025,International,Jan,Departure,Addis Ababa," 1,421 ", 31 ,,,,,,,,
,DMM,2025,International,Feb,Departure,Addis Ababa, 987 , 28 ,,,,,,,,
,DMM,2025,International,Mar,Departure,Addis Ababa," 1,704 ", 31 ,,,,,,,,
,DMM,2025,International,Apr,Departure,Addis Ababa," 2,671 ", 27 ,,,,,,,,
,DMM,2025,International,May,Departure,Addis Ababa," 1,813 ", 30 ,,,,,,,,
,DMM,2025,International,Jun,Departure,Addis Ababa," 2,276 ", 29 ,,,,,,,,
,DMM,2025,International,Jul,Departure,Addis Ababa," 2,589 ", 29 ,,,,,,,,
,DMM,2025,International,Aug,Departure,Addis Ababa," 1,678 ", 31 ,,,,,,,,
,DMM,2025,International,Sep,Departure,Addis Ababa," 1,321 ", 30 ,,,,,,,,
,DMM,2025,International,Oct,Departure,Addis Ababa," 1,113 ", 29 ,,,,,,,,
,DMM,2025,International,Jan,Arrival,Alexandria," 1,213 ", 9 ,,,,,,,,
,DMM,2025,International,Feb,Arrival,Alexandria," 1,098 ", 8 ,,,,,,,,
,DMM,2025,International,Mar,Arrival,Alexandria, 975 , 9 ,,,,,,,,
,DMM,2025,International,Apr,Arrival,Alexandria," 1,134 ", 9 ,,,,,,,,
,DMM,2025,International,May,Arrival,Alexandria," 1,037 ", 12 ,,,,,,,,
,DMM,2025,International,Jun,Arrival,Alexandria," 2,367 ", 24 ,,,,,,,,
,DMM,2025,International,Jul,Arrival,Alexandria," 3,232 ", 22 ,,,,,,,,
,DMM,2025,International,Aug,Arrival,Alexandria," 3,214 ", 20 ,,,,,,,,
,DMM,2025,International,Sep,Arrival,Alexandria," 1,093 ", 8 ,,,,,,,,
,DMM,2025,International,Oct,Arrival,Alexandria," 1,352 ", 10 ,,,,,,,,
,DMM,2025,International,Jan,Departure,Alexandria, 983 , 9 ,,,,,,,,
,DMM,2025,International,Feb,Departure,Alexandria," 1,015 ", 8 ,,,,,,,,
,DMM,2025,International,Mar,Departure,Alexandria," 1,137 ", 9 ,,,,,,,,
,DMM,2025,International,Apr,Departure,Alexandria," 1,116 ", 9 ,,,,,,,,
,DMM,2025,International,May,Departure,Alexandria," 1,695 ", 12 ,,,,,,,,
,DMM,2025,International,Jun,Departure,Alexandria," 3,052 ", 23 ,,,,,,,,
,DMM,2025,International,Jul,Departure,Alexandria," 2,861 ", 22 ,,,,,,,,
,DMM,2025,International,Aug,Departure,Alexandria," 2,278 ", 21 ,,,,,,,,
,DMM,2025,International,Sep,Departure,Alexandria, 972 , 9 ,,,,,,,,
,DMM,2025,International,Oct,Departure,Alexandria," 1,067 ", 10 ,,,,,,,,
,DMM,2025,International,Jan,Arrival,Amman," 5,528 ", 42 ,,,,,,,,
,DMM,2025,International,Feb,Arrival,Amman," 4,203 ", 39 ,,,,,,,,
,DMM,2025,International,Mar,Arrival,Amman," 2,969 ", 49 ,,,,,,,,
,DMM,2025,International,Apr,Arrival,Amman," 5,661 ", 53 ,,,,,,,,
,DMM,2025,International,May,Arrival,Amman," 3,730 ", 51 ,,,,,,,,
,DMM,2025,International,Jun,Arrival,Amman," 5,134 ", 68 ,,,,,,,,
,DMM,2025,International,Jul,Arrival,Amman," 6,287 ", 71 ,,,,,,,,
,DMM,2025,International,Aug,Arrival,Amman," 12,002 ", 80 ,,,,,,,,
,DMM,2025,International,Sep,Arrival,Amman," 6,636 ", 52 ,,,,,,,,
,DMM,2025,International,Oct,Arrival,Amman," 5,728 ", 57 ,,,,,,,,
,DMM,2025,International,Jan,Departure,Amman," 4,753 ", 43 ,,,,,,,,
,DMM,2025,International,Feb,Departure,Amman," 4,602 ", 39 ,,,,,,,,
,DMM,2025,International,Mar,Departure,Amman," 6,208 ", 49 ,,,,,,,,
,DMM,2025,International,Apr,Departure,Amman," 4,541 ", 54 ,,,,,,,,
,DMM,2025,International,May,Departure,Amman," 6,146 ", 51 ,,,,,,,,
,DMM,2025,International,Jun,Departure,Amman," 8,821 ", 67 ,,,,,,,,
,DMM,2025,International,Jul,Departure,Amman," 9,927 ", 72 ,,,,,,,,
,DMM,2025,International,Aug,Departure,Amman," 6,176 ", 79 ,,,,,,,,
,DMM,2025,International,Sep,Departure,Amman," 4,892 ", 53 ,,,,,,,,
,DMM,2025,International,Oct,Departure,Amman," 6,155 ", 57 ,,,,,,,,
,DMM,2025,International,Jan,Arrival,Amsterdam," 2,150 ", 26 ,,,,,,,,
,DMM,2025,International,Feb,Arrival,Amsterdam," 1,542 ", 24 ,,,,,,,,
,DMM,2025,International,Mar,Arrival,Amsterdam," 1,329 ", 26 ,,,,,,,,
,DMM,2025,International,Apr,Arrival,Amsterdam," 1,825 ", 20 ,,,,,,,,
,DMM,2025,International,May,Arrival,Amsterdam," 1,521 ", 22 ,,,,,,,,
,DMM,2025,International,Jun,Arrival,Amsterdam, 917 , 12 ,,,,,,,,
,DMM,2025,International,Jul,Arrival,Amsterdam," 2,002 ", 25 ,,,,,,,,
,DMM,2025,International,Aug,Arrival,Amsterdam," 2,602 ", 25 ,,,,,,,,
,DMM,2025,International,Sep,Arrival,Amsterdam," 1,651 ", 23 ,,,,,,,,
,DMM,2025,International,Oct,Arrival,Amsterdam," 1,584 ", 25 ,,,,,,,,
,DMM,2025,International,Jan,Departure,Amsterdam," 3,090 ", 26 ,,,,,,,,
,DMM,2025,International,Feb,Departure,Amsterdam," 2,374 ", 24 ,,,,,,,,
,DMM,2025,International,Mar,Departure,Amsterdam," 2,202 ", 26 ,,,,,,,,
,DMM,2025,International,Apr,Departure,Amsterdam," 2,684 ", 20 ,,,,,,,,
,DMM,2025,International,May,Departure,Amsterdam," 2,237 ", 22 ,,,,,,,,
,DMM,2025,International,Jun,Departure,Amsterdam," 1,561 ", 12 ,,,,,,,,
,DMM,2025,International,Jul,Departure,Amsterdam," 2,840 ", 25 ,,,,,,,,
,DMM,2025,International,Aug,Departure,Amsterdam," 2,976 ", 25 ,,,,,,,,
,DMM,2025,International,Sep,Departure,Amsterdam," 1,974 ", 23 ,,,,,,,,
,DMM,2025,International,Oct,Departure,Amsterdam," 1,708 ", 25 ,,,,,,,,
,DMM,2025,International,Jan,Arrival,Bahrain," 9,003 ", 124 ,,,,,,,,
,DMM,2025,International,Feb,Arrival,Bahrain," 8,375 ", 111 ,,,,,,,,
,DMM,2025,International,Mar,Arrival,Bahrain," 6,327 ", 121 ,,,,,,,,
,DMM,2025,International,Apr,Arrival,Bahrain," 9,744 ", 118 ,,,,,,,,
,DMM,2025,International,May,Arrival,Bahrain," 6,375 ", 124 ,,,,,,,,
,DMM,2025,International,Jun,Arrival,Bahrain," 9,995 ", 120 ,,,,,,,,
,DMM,2025,International,Jul,Arrival,Bahrain," 9,529 ", 124 ,,,,,,,,
,DMM,2025,International,Aug,Arrival,Bahrain," 11,491 ", 124 ,,,,,,,,
,DMM,2025,International,Sep,Arrival,Bahrain," 8,317 ", 120 ,,,,,,,,
,DMM,2025,International,Oct,Arrival,Bahrain," 8,654 ", 122 ,,,,,,,,
,DMM,2025,International,Jan,Departure,Bahrain," 5,780 ", 124 ,,,,,,,,
,DMM,2025,International,Feb,Departure,Bahrain," 5,886 ", 111 ,,,,,,,,
,DMM,2025,International,Mar,Departure,Bahrain," 9,084 ", 123 ,,,,,,,,
,DMM,2025,International,Apr,Departure,Bahrain," 6,643 ", 118 ,,,,,,,,
,DMM,2025,International,May,Departure,Bahrain," 9,409 ", 124 ,,,,,,,,
,DMM,2025,International,Jun,Departure,Bahrain," 9,260 ", 120 ,,,,,,,,
,DMM,2025,International,Jul,Departure,Bahrain," 7,465 ", 124 ,,,,,,,,
,DMM,2025,International,Aug,Departure,Bahrain," 7,243 ", 124 ,,,,,,,,
,DMM,2025,International,Sep,Departure,Bahrain," 6,668 ", 120 ,,,,,,,,
,DMM,2025,International,Oct,Departure,Bahrain," 6,785 ", 122 ,,,,,,,,
,DMM,2025,International,Jan,Arrival,Baku," 1,314 ", 9 ,,,,,,,,
,DMM,2025,International,Feb,Arrival,Baku," 1,025 ", 7 ,,,,,,,,
,DMM,2025,International,Mar,Arrival,Baku, 649 , 7 ,,,,,,,,
,DMM,2025,International,Apr,Arrival,Baku," 1,148 ", 8 ,,,,,,,,
,DMM,2025,International,May,Arrival,Baku," 1,312 ", 9 ,,,,,,,,
,DMM,2025,International,Jun,Arrival,Baku," 2,547 ", 25 ,,,,,,,,
,DMM,2025,International,Jul,Arrival,Baku," 4,273 ", 30 ,,,,,,,,
,DMM,2025,International,Aug,Arrival,Baku," 4,709 ", 29 ,,,,,,,,
,DMM,2025,International,Sep,Arrival,Baku," 2,616 ", 24 ,,,,,,,,
,DMM,2025,International,Oct,Arrival,Baku," 1,670 ", 10 ,,,,,,,,
,DMM,2025,International,Jan,Departure,Baku," 1,064 ", 8 ,,,,,,,,
,DMM,2025,International,Feb,Departure,Baku," 1,090 ", 8 ,,,,,,,,
,DMM,2025,International,Mar,Departure,Baku, 494 , 6 ,,,,,,,,
,DMM,2025,International,Apr,Departure,Baku," 1,388 ", 9 ,,,,,,,,
,DMM,2025,International,May,Departure,Baku," 1,440 ", 9 ,,,,,,,,
,DMM,2025,International,Jun,Departure,Baku," 3,182 ", 25 ,,,,,,,,
,DMM,2025,International,Jul,Departure,Baku," 4,626 ", 30 ,,,,,,,,
,DMM,2025,International,Aug,Departure,Baku," 4,280 ", 29 ,,,,,,,,
,DMM,2025,International,Sep,Departure,Baku," 2,522 ", 24 ,,,,,,,,
,DMM,2025,International,Oct,Departure,Baku," 1,253 ", 9 ,,,,,,,,
,DMM,2025,International,Jan,Arrival,Bangalore," 1,948 ", 14 ,,,,,,,,
,DMM,2025,International,Feb,Arrival,Bangalore," 1,821 ", 12 ,,,,,,,,
,DMM,2025,International,Mar,Arrival,Bangalore," 1,589 ", 14 ,,,,,,,,
,DMM,2025,International,Apr,Arrival,Bangalore," 4,061 ", 30 ,,,,,,,,
,DMM,2025,International,May,Arrival,Bangalore," 1,624 ", 32 ,,,,,,,,
,DMM,2025,International,Jun,Arrival,Bangalore," 3,153 ", 29 ,,,,,,,,
,DMM,2025,International,Jul,Arrival,Bangalore," 3,578 ", 27 ,,,,,,,,
,DMM,2025,International,Aug,Arrival,Bangalore," 4,844 ", 31 ,,,,,,,,
,DMM,2025,International,Sep,Arrival,Bangalore," 4,853 ", 30 ,,,,,,,,
,DMM,2025,International,Oct,Arrival,Bangalore," 4,583 ", 28 ,,,,,,,,
,DMM,2025,International,Jan,Departure,Bangalore," 1,074 ", 14 ,,,,,,,,
,DMM,2025,International,Feb,Departure,Bangalore, 830 , 12 ,,,,,,,,
,DMM,2025,International,Mar,Departure,Bangalore," 1,302 ", 14 ,,,,,,,,
,DMM,2025,International,Apr,Departure,Bangalore," 3,510 ", 30 ,,,,,,,,
,DMM,2025,International,May,Departure,Bangalore," 4,303 ", 31 ,,,,,,,,
,DMM,2025,International,Jun,Departure,Bangalore," 4,402 ", 29 ,,,,,,,,
,DMM,2025,International,Jul,Departure,Bangalore," 4,274 ", 27 ,,,,,,,,
,DMM,2025,International,Aug,Departure,Bangalore," 3,067 ", 31 ,,,,,,,,
,DMM,2025,International,Sep,Departure,Bangalore," 2,565 ", 30 ,,,,,,,,
,DMM,2025,International,Oct,Departure,Bangalore," 4,329 ", 28 ,,,,,,,,
,DMM,2025,International,Jan,Arrival,Beirut," 1,974 ", 14 ,,,,,,,,
,DMM,2025,International,Feb,Arrival,Beirut," 1,320 ", 11 ,,,,,,,,
,DMM,2025,International,Mar,Arrival,Beirut," 1,158 ", 16 ,,,,,,,,
,DMM,2025,International,Apr,Arrival,Beirut," 2,283 ", 16 ,,,,,,,,
,DMM,2025,International,May,Arrival,Beirut," 1,098 ", 14 ,,,,,,,,
,DMM,2025,International,Jun,Arrival,Beirut," 1,828 ", 16 ,,,,,,,,
,DMM,2025,International,Jul,Arrival,Beirut," 1,958 ", 18 ,,,,,,,,
,DMM,2025,International,Aug,Arrival,Beirut," 2,916 ", 18 ,,,,,,,,
,DMM,2025,International,Sep,Arrival,Beirut," 1,871 ", 15 ,,,,,,,,
,DMM,2025,International,Oct,Arrival,Beirut," 1,111 ", 11 ,,,,,,,,
,DMM,2025,International,Jan,Departure,Beirut," 1,497 ", 14 ,,,,,,,,
,DMM,2025,International,Feb,Departure,Beirut," 1,329 ", 11 ,,,,,,,,
,DMM,2025,International,Mar,Departure,Beirut," 1,980 ", 16 ,,,,,,,,
,DMM,2025,International,Apr,Departure,Beirut," 1,255 ", 16 ,,,,,,,,
,DMM,2025,International,May,Departure,Beirut," 1,563 ", 14 ,,,,,,,,
,DMM,2025,International,Jun,Departure,Beirut," 2,413 ", 16 ,,,,,,,,
,DMM,2025,International,Jul,Departure,Beirut," 2,586 ", 18 ,,,,,,,,
,DMM,2025,International,Aug,Departure,Beirut," 1,308 ", 18 ,,,,,,,,
,DMM,2025,International,Sep,Departure,Beirut," 1,180 ", 15 ,,,,,,,,
,DMM,2025,International,Oct,Departure,Beirut, 902 , 11 ,,,,,,,,
,DMM,2025,International,Jan,Arrival,Mumbai," 17,613 ", 103 ,,,,,,,,
,DMM,2025,International,Feb,Arrival,Mumbai," 16,019 ", 92 ,,,,,,,,
,DMM,2025,International,Mar,Arrival,Mumbai," 15,222 ", 93 ,,,,,,,,
,DMM,2025,International,Apr,Arrival,Mumbai," 16,291 ", 103 ,,,,,,,,
,DMM,2025,International,May,Arrival,Mumbai," 13,768 ", 106 ,,,,,,,,
,DMM,2025,International,Jun,Arrival,Mumbai," 11,813 ", 97 ,,,,,,,,
,DMM,2025,International,Jul,Arrival,Mumbai," 15,196 ", 107 ,,,,,,,,
,DMM,2025,International,Aug,Arrival,Mumbai," 16,373 ", 104 ,,,,,,,,
,DMM,2025,International,Sep,Arrival,Mumbai," 16,208 ", 101 ,,,,,,,,
,DMM,2025,International,Oct,Arrival,Mumbai," 15,242 ", 99 ,,,,,,,,
,DMM,2025,International,Jan,Departure,Mumbai," 12,506 ", 103 ,,,,,,,,
,DMM,2025,International,Feb,Departure,Mumbai," 11,415 ", 92 ,,,,,,,,
,DMM,2025,International,Mar,Departure,Mumbai," 13,127 ", 92 ,,,,,,,,
,DMM,2025,International,Apr,Departure,Mumbai," 13,640 ", 103 ,,,,,,,,
,DMM,2025,International,May,Departure,Mumbai," 13,932 ", 105 ,,,,,,,,
,DMM,2025,International,Jun,Departure,Mumbai," 14,593 ", 97 ,,,,,,,,
,DMM,2025,International,Jul,Departure,Mumbai," 16,200 ", 107 ,,,,,,,,
,DMM,2025,International,Aug,Departure,Mumbai," 12,345 ", 104 ,,,,,,,,
,DMM,2025,International,Sep,Departure,Mumbai," 10,648 ", 102 ,,,,,,,,
,DMM,2025,International,Oct,Departure,Mumbai," 15,424 ", 98 ,,,,,,,,
,DMM,2025,International,Jan,Arrival,Cairo," 36,206 ", 215 ,,,,,,,,
,DMM,2025,International,Feb,Arrival,Cairo," 30,092 ", 186 ,,,,,,,,
,DMM,2025,International,Mar,Arrival,Cairo," 20,824 ", 217 ,,,,,,,,
,DMM,2025,International,Apr,Arrival,Cairo," 37,247 ", 236 ,,,,,,,,
,DMM,2025,International,May,Arrival,Cairo," 27,203 ", 266 ,,,,,,,,
,DMM,2025,International,Jun,Arrival,Cairo," 35,964 ", 304 ,,,,,,,,
,DMM,2025,International,Jul,Arrival,Cairo," 47,275 ", 292 ,,,,,,,,
,DMM,2025,International,Aug,Arrival,Cairo," 54,107 ", 301 ,,,,,,,,
,DMM,2025,International,Sep,Arrival,Cairo," 47,274 ", 269 ,,,,,,,,
,DMM,2025,International,Oct,Arrival,Cairo," 39,432 ", 243 ,,,,,,,,
,DMM,2025,International,Jan,Departure,Cairo," 27,229 ", 213 ,,,,,,,,
,DMM,2025,International,Feb,Departure,Cairo," 29,639 ", 186 ,,,,,,,,
,DMM,2025,International,Mar,Departure,Cairo," 32,976 ", 216 ,,,,,,,,
,DMM,2025,International,Apr,Departure,Cairo," 35,361 ", 237 ,,,,,,,,
,DMM,2025,International,May,Departure,Cairo," 42,038 ", 269 ,,,,,,,,
,DMM,2025,International,Jun,Departure,Cairo," 48,116 ", 307 ,,,,,,,,
,DMM,2025,International,Jul,Departure,Cairo," 46,004 ", 293 ,,,,,,,,
,DMM,2025,International,Aug,Departure,Cairo," 32,704 ", 294 ,,,,,,,,
,DMM,2025,International,Sep,Departure,Cairo," 33,242 ", 268 ,,,,,,,,
,DMM,2025,International,Oct,Departure,Cairo," 29,886 ", 242 ,,,,,,,,
,DMM,2025,International,Jan,Arrival,Calicut," 11,132 ", 62 ,,,,,,,,
,DMM,2025,International,Feb,Arrival,Calicut," 10,317 ", 51 ,,,,,,,,
,DMM,2025,International,Mar,Arrival,Calicut," 7,908 ", 62 ,,,,,,,,
,DMM,2025,International,Apr,Arrival,Calicut," 8,472 ", 60 ,,,,,,,,
,DMM,2025,International,May,Arrival,Calicut," 5,066 ", 62 ,,,,,,,,
,DMM,2025,International,Jun,Arrival,Calicut," 5,926 ", 57 ,,,,,,,,
,DMM,2025,International,Jul,Arrival,Calicut," 9,786 ", 62 ,,,,,,,,
,DMM,2025,International,Aug,Arrival,Calicut," 9,176 ", 53 ,,,,,,,,
,DMM,2025,International,Sep,Arrival,Calicut," 11,024 ", 60 ,,,,,,,,
,DMM,2025,International,Oct,Arrival,Calicut," 4,804 ", 27 ,,,,,,,,
,DMM,2025,International,Jan,Departure,Calicut," 7,503 ", 62 ,,,,,,,,
,DMM,2025,International,Feb,Departure,Calicut," 5,915 ", 51 ,,,,,,,,
,DMM,2025,International,Mar,Departure,Calicut," 6,914 ", 61 ,,,,,,,,
,DMM,2025,International,Apr,Departure,Calicut," 10,777 ", 60 ,,,,,,,,
,DMM,2025,International,May,Departure,Calicut," 11,043 ", 63 ,,,,,,,,
,DMM,2025,International,Jun,Departure,Calicut," 8,194 ", 56 ,,,,,,,,
,DMM,2025,International,Jul,Departure,Calicut," 10,779 ", 62 ,,,,,,,,
,DMM,2025,International,Aug,Departure,Calicut," 6,805 ", 54 ,,,,,,,,
,DMM,2025,International,Sep,Departure,Calicut," 5,717 ", 59 ,,,,,,,,
,DMM,2025,International,Oct,Departure,Calicut," 4,900 ", 28 ,,,,,,,,
,DMM,2025,International,Jan,Arrival,Chennai," 1,090 ", 8 ,,,,,,,,
,DMM,2025,International,Feb,Arrival,Chennai," 1,069 ", 8 ,,,,,,,,
,DMM,2025,International,Mar,Arrival,Chennai, 887 , 9 ,,,,,,,,
,DMM,2025,International,Apr,Arrival,Chennai," 1,883 ", 13 ,,,,,,,,
,DMM,2025,International,May,Arrival,Chennai," 1,378 ", 14 ,,,,,,,,
,DMM,2025,International,Jun,Arrival,Chennai," 1,943 ", 19 ,,,,,,,,
,DMM,2025,International,Jul,Arrival,Chennai," 2,378 ", 23 ,,,,,,,,
,DMM,2025,International,Aug,Arrival,Chennai," 3,315 ", 21 ,,,,,,,,
,DMM,2025,International,Sep,Arrival,Chennai," 3,399 ", 21 ,,,,,,,,
,DMM,2025,International,Jan,Departure,Chennai," 1,489 ", 9 ,,,,,,,,
,DMM,2025,International,Feb,Departure,Chennai," 1,251 ", 8 ,,,,,,,,
,DMM,2025,International,Mar,Departure,Chennai," 1,674 ", 9 ,,,,,,,,
,DMM,2025,International,Apr,Departure,Chennai," 2,325 ", 13 ,,,,,,,,
,DMM,2025,International,May,Departure,Chennai," 2,309 ", 14 ,,,,,,,,
,DMM,2025,International,Jun,Departure,Chennai," 2,847 ", 19 ,,,,,,,,
,DMM,2025,International,Jul,Departure,Chennai," 3,388 ", 23 ,,,,,,,,
,DMM,2025,International,Aug,Departure,Chennai," 1,953 ", 21 ,,,,,,,,
,DMM,2025,International,Sep,Departure,Chennai," 1,769 ", 21 ,,,,,,,,
,DMM,2025,International,Jan,Arrival,Kochi," 3,368 ", 20 ,,,,,,,,
,DMM,2025,International,Feb,Arrival,Kochi," 1,999 ", 12 ,,,,,,,,
,DMM,2025,International,Mar,Arrival,Kochi," 2,913 ", 22 ,,,,,,,,
,DMM,2025,International,Apr,Arrival,Kochi," 3,093 ", 22 ,,,,,,,,
,DMM,2025,International,May,Arrival,Kochi," 2,436 ", 18 ,,,,,,,,
,DMM,2025,International,Jun,Arrival,Kochi," 3,232 ", 34 ,,,,,,,,
,DMM,2025,International,Jul,Arrival,Kochi," 5,198 ", 51 ,,,,,,,,
,DMM,2025,International,Aug,Arrival,Kochi," 8,702 ", 53 ,,,,,,,,
,DMM,2025,International,Sep,Arrival,Kochi," 7,001 ", 40 ,,,,,,,,
,DMM,2025,International,Oct,Arrival,Kochi," 2,452 ", 14 ,,,,,,,,
,DMM,2025,International,Jan,Departure,Kochi," 2,601 ", 20 ,,,,,,,,
,DMM,2025,International,Feb,Departure,Kochi," 1,191 ", 12 ,,,,,,,,
,DMM,2025,International,Mar,Departure,Kochi," 2,000 ", 22 ,,,,,,,,
,DMM,2025,International,Apr,Departure,Kochi," 2,503 ", 22 ,,,,,,,,
,DMM,2025,International,May,Departure,Kochi," 2,892 ", 18 ,,,,,,,,
,DMM,2025,International,Jun,Departure,Kochi," 4,065 ", 34 ,,,,,,,,
,DMM,2025,International,Jul,Departure,Kochi," 7,988 ", 51 ,,,,,,,,
,DMM,2025,International,Aug,Departure,Kochi," 5,491 ", 53 ,,,,,,,,
,DMM,2025,International,Sep,Departure,Kochi," 3,297 ", 40 ,,,,,,,,
,DMM,2025,International,Oct,Departure,Kochi," 2,358 ", 14 ,,,,,,,,
,DMM,2025,International,Jan,Arrival,Colombo," 3,317 ", 22 ,,,,,,,,
,DMM,2025,International,Feb,Arrival,Colombo," 3,146 ", 20 ,,,,,,,,
,DMM,2025,International,Mar,Arrival,Colombo," 2,747 ", 23 ,,,,,,,,
,DMM,2025,International,Apr,Arrival,Colombo," 4,529 ", 30 ,,,,,,,,
,DMM,2025,International,May,Arrival,Colombo," 4,005 ", 31 ,,,,,,,,
,DMM,2025,International,Jun,Arrival,Colombo," 3,841 ", 30 ,,,,,,,,
,DMM,2025,International,Jul,Arrival,Colombo," 4,455 ", 31 ,,,,,,,,
,DMM,2025,International,Aug,Arrival,Colombo," 5,613 ", 31 ,,,,,,,,
,DMM,2025,International,Sep,Arrival,Colombo," 5,394 ", 30 ,,,,,,,,
,DMM,2025,International,Oct,Arrival,Colombo," 5,293 ", 31 ,,,,,,,,
,DMM,2025,International,Jan,Departure,Colombo," 2,773 ", 22 ,,,,,,,,
,DMM,2025,International,Feb,Departure,Colombo," 2,777 ", 20 ,,,,,,,,
,DMM,2025,International,Mar,Departure,Colombo," 3,204 ", 23 ,,,,,,,,
,DMM,2025,International,Apr,Departure,Colombo," 4,821 ", 30 ,,,,,,,,
,DMM,2025,International,May,Departure,Colombo," 4,885 ", 31 ,,,,,,,,
,DMM,2025,International,Jun,Departure,Colombo," 4,693 ", 30 ,,,,,,,,
,DMM,2025,International,Jul,Departure,Colombo," 5,568 ", 31 ,,,,,,,,
,DMM,2025,International,Aug,Departure,Colombo," 4,675 ", 31 ,,,,,,,,
,DMM,2025,International,Sep,Departure,Colombo," 3,975 ", 30 ,,,,,,,,
,DMM,2025,International,Oct,Departure,Colombo," 4,589 ", 31 ,,,,,,,,
,DMM,2025,International,Jan,Arrival,Delhi," 11,687 ", 57 ,,,,,,,,
,DMM,2025,International,Feb,Arrival,Delhi," 10,525 ", 51 ,,,,,,,,
,DMM,2025,International,Mar,Arrival,Delhi," 10,614 ", 58 ,,,,,,,,
,DMM,2025,International,Apr,Arrival,Delhi," 11,163 ", 56 ,,,,,,,,
,DMM,2025,International,May,Arrival,Delhi," 9,923 ", 58 ,,,,,,,,
,DMM,2025,International,Jun,Arrival,Delhi," 7,638 ", 55 ,,,,,,,,
,DMM,2025,International,Jul,Arrival,Delhi," 10,160 ", 57 ,,,,,,,,
,DMM,2025,International,Aug,Arrival,Delhi," 10,273 ", 57 ,,,,,,,,
,DMM,2025,International,Sep,Arrival,Delhi," 10,622 ", 55 ,,,,,,,,
,DMM,2025,International,Oct,Arrival,Delhi," 10,253 ", 54 ,,,,,,,,
,DMM,2025,International,Jan,Departure,Delhi," 11,524 ", 58 ,,,,,,,,
,DMM,2025,International,Feb,Departure,Delhi," 10,732 ", 52 ,,,,,,,,
,DMM,2025,International,Mar,Departure,Delhi," 10,604 ", 58 ,,,,,,,,
,DMM,2025,International,Apr,Departure,Delhi," 8,840 ", 55 ,,,,,,,,
,DMM,2025,International,May,Departure,Delhi," 9,408 ", 58 ,,,,,,,,
,DMM,2025,International,Jun,Departure,Delhi," 8,365 ", 54 ,,,,,,,,
,DMM,2025,International,Jul,Departure,Delhi," 9,880 ", 57 ,,,,,,,,
,DMM,2025,International,Aug,Departure,Delhi," 7,096 ", 58 ,,,,,,,,
,DMM,2025,International,Sep,Departure,Delhi," 8,753 ", 56 ,,,,,,,,
,DMM,2025,International,Oct,Departure,Delhi," 10,607 ", 53 ,,,,,,,,
,DMM,2025,International,Jan,Arrival,Dhaka," 7,527 ", 27 ,,,,,,,,
,DMM,2025,International,Feb,Arrival,Dhaka," 6,671 ", 24 ,,,,,,,,
,DMM,2025,International,Mar,Arrival,Dhaka," 6,835 ", 26 ,,,,,,,,
,DMM,2025,International,Apr,Arrival,Dhaka," 6,469 ", 26 ,,,,,,,,
,DMM,2025,International,May,Arrival,Dhaka," 5,217 ", 27 ,,,,,,,,
,DMM,2025,International,Jun,Arrival,Dhaka," 5,458 ", 25 ,,,,,,,,
,DMM,2025,International,Jul,Arrival,Dhaka," 7,938 ", 25 ,,,,,,,,
,DMM,2025,International,Aug,Arrival,Dhaka," 9,101 ", 22 ,,,,,,,,
,DMM,2025,International,Sep,Arrival,Dhaka," 10,366 ", 25 ,,,,,,,,
,DMM,2025,International,Oct,Arrival,Dhaka," 10,563 ", 27 ,,,,,,,,
,DMM,2025,International,Jan,Departure,Dhaka," 7,200 ", 27 ,,,,,,,,
,DMM,2025,International,Feb,Departure,Dhaka," 6,393 ", 24 ,,,,,,,,
,DMM,2025,International,Mar,Departure,Dhaka," 6,841 ", 26 ,,,,,,,,
,DMM,2025,International,Apr,Departure,Dhaka," 6,748 ", 26 ,,,,,,,,
,DMM,2025,International,May,Departure,Dhaka," 7,480 ", 27 ,,,,,,,,
,DMM,2025,International,Jun,Departure,Dhaka," 6,858 ", 25 ,,,,,,,,
,DMM,2025,International,Jul,Departure,Dhaka," 7,767 ", 25 ,,,,,,,,
,DMM,2025,International,Aug,Departure,Dhaka," 7,895 ", 22 ,,,,,,,,
,DMM,2025,International,Sep,Departure,Dhaka," 8,028 ", 25 ,,,,,,,,
,DMM,2025,International,Oct,Departure,Dhaka," 9,740 ", 27 ,,,,,,,,
,DMM,2025,International,Jan,Arrival,Doha," 19,629 ", 124 ,,,,,,,,
,DMM,2025,International,Feb,Arrival,Doha," 13,910 ", 112 ,,,,,,,,
,DMM,2025,International,Mar,Arrival,Doha," 10,091 ", 101 ,,,,,,,,
,DMM,2025,International,Apr,Arrival,Doha," 17,804 ", 120 ,,,,,,,,
,DMM,2025,International,May,Arrival,Doha," 16,595 ", 124 ,,,,,,,,
,DMM,2025,International,Jun,Arrival,Doha," 19,837 ", 118 ,,,,,,,,
,DMM,2025,International,Jul,Arrival,Doha," 22,107 ", 124 ,,,,,,,,
,DMM,2025,International,Aug,Arrival,Doha," 25,312 ", 123 ,,,,,,,,
,DMM,2025,International,Sep,Arrival,Doha," 18,809 ", 120 ,,,,,,,,
,DMM,2025,International,Oct,Arrival,Doha," 17,730 ", 124 ,,,,,,,,
,DMM,2025,International,Jan,Departure,Doha," 18,317 ", 124 ,,,,,,,,
,DMM,2025,International,Feb,Departure,Doha," 13,296 ", 112 ,,,,,,,,
,DMM,2025,International,Mar,Departure,Doha," 13,619 ", 101 ,,,,,,,,
,DMM,2025,International,Apr,Departure,Doha," 19,048 ", 120 ,,,,,,,,
,DMM,2025,International,May,Departure,Doha," 21,332 ", 124 ,,,,,,,,
,DMM,2025,International,Jun,Departure,Doha," 21,574 ", 124 ,,,,,,,,
,DMM,2025,International,Jul,Departure,Doha," 24,387 ", 124 ,,,,,,,,
,DMM,2025,International,Aug,Departure,Doha," 21,558 ", 123 ,,,,,,,,
,DMM,2025,International,Sep,Departure,Doha," 19,253 ", 120 ,,,,,,,,
,DMM,2025,International,Oct,Departure,Doha," 17,181 ", 124 ,,,,,,,,
,DMM,2025,International,Jan,Arrival,Dubai," 41,018 ", 253 ,,,,,,,,
,DMM,2025,International,Feb,Arrival,Dubai," 38,711 ", 228 ,,,,,,,,
,DMM,2025,International,Mar,Arrival,Dubai," 22,916 ", 194 ,,,,,,,,
,DMM,2025,International,Apr,Arrival,Dubai," 37,327 ", 246 ,,,,,,,,
,DMM,2025,International,May,Arrival,Dubai," 29,603 ", 255 ,,,,,,,,
,DMM,2025,International,Jun,Arrival,Dubai," 35,044 ", 253 ,,,,,,,,
,DMM,2025,International,Jul,Arrival,Dubai," 36,797 ", 253 ,,,,,,,,
,DMM,2025,International,Aug,Arrival,Dubai," 44,055 ", 252 ,,,,,,,,
,DMM,2025,International,Sep,Arrival,Dubai," 31,080 ", 244 ,,,,,,,,
,DMM,2025,International,Oct,Arrival,Dubai," 31,699 ", 253 ,,,,,,,,
,DMM,2025,International,Jan,Departure,Dubai," 37,876 ", 253 ,,,,,,,,
,DMM,2025,International,Feb,Departure,Dubai," 31,804 ", 228 ,,,,,,,,
,DMM,2025,International,Mar,Departure,Dubai," 28,330 ", 194 ,,,,,,,,
,DMM,2025,International,Apr,Departure,Dubai," 35,527 ", 246 ,,,,,,,,
,DMM,2025,International,May,Departure,Dubai," 40,294 ", 254 ,,,,,,,,
,DMM,2025,International,Jun,Departure,Dubai," 40,573 ", 254 ,,,,,,,,
,DMM,2025,International,Jul,Departure,Dubai," 40,373 ", 253 ,,,,,,,,
,DMM,2025,International,Aug,Departure,Dubai," 34,315 ", 252 ,,,,,,,,
,DMM,2025,International,Sep,Departure,Dubai," 28,996 ", 244 ,,,,,,,,
,DMM,2025,International,Oct,Departure,Dubai," 33,335 ", 253 ,,,,,,,,
,DMM,2025,International,Jan,Arrival,Frankfurt," 1,167 ", 31 ,,,,,,,,
,DMM,2025,International,Feb,Arrival,Frankfurt, 799 , 28 ,,,,,,,,
,DMM,2025,International,Mar,Arrival,Frankfurt, 419 , 20 ,,,,,,,,
,DMM,2025,International,Apr,Arrival,Frankfurt," 1,180 ", 30 ,,,,,,,,
,DMM,2025,International,May,Arrival,Frankfurt," 1,336 ", 31 ,,,,,,,,
,DMM,2025,International,Jun,Arrival,Frankfurt," 1,051 ", 28 ,,,,,,,,
,DMM,2025,International,Jul,Arrival,Frankfurt," 1,383 ", 31 ,,,,,,,,
,DMM,2025,International,Aug,Arrival,Frankfurt," 1,399 ", 31 ,,,,,,,,
,DMM,2025,International,Sep,Arrival,Frankfurt, 902 , 30 ,,,,,,,,
,DMM,2025,International,Oct,Arrival,Frankfurt, 908 , 31 ,,,,,,,,
,DMM,2025,International,Jan,Departure,Frankfurt," 1,732 ", 32 ,,,,,,,,
,DMM,2025,International,Feb,Departure,Frankfurt, 850 , 27 ,,,,,,,,
,DMM,2025,International,Mar,Departure,Frankfurt, 797 , 20 ,,,,,,,,
,DMM,2025,International,Apr,Departure,Frankfurt," 1,301 ", 31 ,,,,,,,,
,DMM,2025,International,May,Departure,Frankfurt," 1,700 ", 30 ,,,,,,,,
,DMM,2025,International,Jun,Departure,Frankfurt," 1,606 ", 29 ,,,,,,,,
,DMM,2025,International,Jul,Departure,Frankfurt," 1,318 ", 31 ,,,,,,,,
,DMM,2025,International,Aug,Departure,Frankfurt," 1,595 ", 30 ,,,,,,,,
,DMM,2025,International,Sep,Departure,Frankfurt," 1,385 ", 31 ,,,,,,,,
,DMM,2025,International,Oct,Departure,Frankfurt, 853 , 30 ,,,,,,,,
,DMM,2025,International,Jan,Arrival,Hyderabad," 9,624 ", 48 ,,,,,,,,
,DMM,2025,International,Feb,Arrival,Hyderabad," 7,597 ", 36 ,,,,,,,,
,DMM,2025,International,Mar,Arrival,Hyderabad," 6,810 ", 32 ,,,,,,,,
,DMM,2025,International,Apr,Arrival,Hyderabad," 6,337 ", 30 ,,,,,,,,
,DMM,2025,International,May,Arrival,Hyderabad," 5,490 ", 31 ,,,,,,,,
,DMM,2025,International,Jun,Arrival,Hyderabad," 5,227 ", 30 ,,,,,,,,
,DMM,2025,International,Jul,Arrival,Hyderabad," 6,214 ", 30 ,,,,,,,,
,DMM,2025,International,Aug,Arrival,Hyderabad," 6,959 ", 32 ,,,,,,,,
,DMM,2025,International,Sep,Arrival,Hyderabad," 6,819 ", 30 ,,,,,,,,
,DMM,2025,International,Oct,Arrival,Hyderabad," 6,751 ", 31 ,,,,,,,,
,DMM,2025,International,Jan,Departure,Hyderabad," 7,408 ", 48 ,,,,,,,,
,DMM,2025,International,Feb,Departure,Hyderabad," 6,164 ", 36 ,,,,,,,,
,DMM,2025,International,Mar,Departure,Hyderabad," 6,869 ", 32 ,,,,,,,,
,DMM,2025,International,Apr,Departure,Hyderabad," 6,502 ", 30 ,,,,,,,,
,DMM,2025,International,May,Departure,Hyderabad," 6,846 ", 31 ,,,,,,,,
,DMM,2025,International,Jun,Departure,Hyderabad," 5,905 ", 29 ,,,,,,,,
,DMM,2025,International,Jul,Departure,Hyderabad," 6,580 ", 31 ,,,,,,,,
,DMM,2025,International,Aug,Departure,Hyderabad," 4,874 ", 31 ,,,,,,,,
,DMM,2025,International,Sep,Departure,Hyderabad," 4,116 ", 30 ,,,,,,,,
,DMM,2025,International,Oct,Departure,Hyderabad," 6,684 ", 31 ,,,,,,,,
,DMM,2025,International,Jan,Arrival,Islamabad," 6,658 ", 35 ,,,,,,,,
,DMM,2025,International,Feb,Arrival,Islamabad," 6,510 ", 28 ,,,,,,,,
,DMM,2025,International,Mar,Arrival,Islamabad," 5,575 ", 33 ,,,,,,,,
,DMM,2025,International,Apr,Arrival,Islamabad," 6,737 ", 29 ,,,,,,,,
,DMM,2025,International,May,Arrival,Islamabad," 5,897 ", 32 ,,,,,,,,
,DMM,2025,International,Jun,Arrival,Islamabad," 6,156 ", 33 ,,,,,,,,
,DMM,2025,International,Jul,Arrival,Islamabad," 7,826 ", 32 ,,,,,,,,
,DMM,2025,International,Aug,Arrival,Islamabad," 6,424 ", 31 ,,,,,,,,
,DMM,2025,International,Sep,Arrival,Islamabad," 6,792 ", 30 ,,,,,,,,
,DMM,2025,International,Oct,Arrival,Islamabad," 6,049 ", 31 ,,,,,,,,
,DMM,2025,International,Jan,Departure,Islamabad," 5,717 ", 34 ,,,,,,,,
,DMM,2025,International,Feb,Departure,Islamabad," 6,067 ", 27 ,,,,,,,,
,DMM,2025,International,Mar,Departure,Islamabad," 6,982 ", 34 ,,,,,,,,
,DMM,2025,International,Apr,Departure,Islamabad," 6,381 ", 29 ,,,,,,,,
,DMM,2025,International,May,Departure,Islamabad," 6,065 ", 32 ,,,,,,,,
,DMM,2025,International,Jun,Departure,Islamabad," 6,351 ", 31 ,,,,,,,,
,DMM,2025,International,Jul,Departure,Islamabad," 5,449 ", 33 ,,,,,,,,
,DMM,2025,International,Aug,Departure,Islamabad," 4,313 ", 25 ,,,,,,,,
,DMM,2025,International,Sep,Departure,Islamabad," 5,190 ", 26 ,,,,,,,,
,DMM,2025,International,Oct,Departure,Islamabad," 5,232 ", 28 ,,,,,,,,
,DMM,2025,International,Jan,Arrival,Istanbul," 10,499 ", 66 ,,,,,,,,
,DMM,2025,International,Feb,Arrival,Istanbul," 8,423 ", 61 ,,,,,,,,
,DMM,2025,International,Mar,Arrival,Istanbul," 4,392 ", 48 ,,,,,,,,
,DMM,2025,International,Apr,Arrival,Istanbul," 9,052 ", 69 ,,,,,,,,
,DMM,2025,International,May,Arrival,Istanbul," 8,932 ", 72 ,,,,,,,,
,DMM,2025,International,Jun,Arrival,Istanbul," 10,553 ", 85 ,,,,,,,,
,DMM,2025,International,Jul,Arrival,Istanbul," 11,916 ", 95 ,,,,,,,,
,DMM,2025,International,Aug,Arrival,Istanbul," 18,873 ", 109 ,,,,,,,,
,DMM,2025,International,Sep,Arrival,Istanbul," 9,952 ", 71 ,,,,,,,,
,DMM,2025,International,Oct,Arrival,Istanbul," 10,789 ", 73 ,,,,,,,,
,DMM,2025,International,Jan,Departure,Istanbul," 9,248 ", 66 ,,,,,,,,
,DMM,2025,International,Feb,Departure,Istanbul," 8,264 ", 61 ,,,,,,,,
,DMM,2025,International,Mar,Departure,Istanbul," 5,406 ", 48 ,,,,,,,,
,DMM,2025,International,Apr,Departure,Istanbul," 8,957 ", 69 ,,,,,,,,
,DMM,2025,International,May,Departure,Istanbul," 10,318 ", 72 ,,,,,,,,
,DMM,2025,International,Jun,Departure,Istanbul," 10,933 ", 85 ,,,,,,,,
,DMM,2025,International,Jul,Departure,Istanbul," 14,376 ", 95 ,,,,,,,,
,DMM,2025,International,Aug,Departure,Istanbul," 11,909 ", 109 ,,,,,,,,
,DMM,2025,International,Sep,Departure,Istanbul," 9,704 ", 71 ,,,,,,,,
,DMM,2025,International,Oct,Departure,Istanbul," 8,984 ", 73 ,,,,,,,,
,DMM,2025,International,Jan,Arrival,Karachi, 856 , 5 ,,,,,,,,
,DMM,2025,International,Feb,Arrival,Karachi, 705 , 4 ,,,,,,,,
,DMM,2025,International,Mar,Arrival,Karachi, 515 , 4 ,,,,,,,,
,DMM,2025,International,Apr,Arrival,Karachi, 484 , 4 ,,,,,,,,
,DMM,2025,International,May,Arrival,Karachi, 594 , 5 ,,,,,,,,
,DMM,2025,International,Jun,Arrival,Karachi, 503 , 4 ,,,,,,,,
,DMM,2025,International,Jul,Arrival,Karachi, 686 , 4 ,,,,,,,,
,DMM,2025,International,Aug,Arrival,Karachi, 911 , 5 ,,,,,,,,
,DMM,2025,International,Sep,Arrival,Karachi, 605 , 4 ,,,,,,,,
,DMM,2025,International,Oct,Arrival,Karachi, 487 , 4 ,,,,,,,,
,DMM,2025,International,Jan,Departure,Karachi, 756 , 5 ,,,,,,,,
,DMM,2025,International,Feb,Departure,Karachi, 534 , 4 ,,,,,,,,
,DMM,2025,International,Mar,Departure,Karachi, 505 , 4 ,,,,,,,,
,DMM,2025,International,Apr,Departure,Karachi, 595 , 4 ,,,,,,,,
,DMM,2025,International,May,Departure,Karachi, 632 , 5 ,,,,,,,,
,DMM,2025,International,Jun,Departure,Karachi, 471 , 4 ,,,,,,,,
,DMM,2025,International,Jul,Departure,Karachi, 566 , 5 ,,,,,,,,
,DMM,2025,International,Aug,Departure,Karachi, 557 , 5 ,,,,,,,,
,DMM,2025,International,Sep,Departure,Karachi, 374 , 4 ,,,,,,,,
,DMM,2025,International,Oct,Departure,Karachi, 464 , 4 ,,,,,,,,
,DMM,2025,International,Jan,Arrival,Kathmandu," 5,961 ", 37 ,,,,,,,,
,DMM,2025,International,Feb,Arrival,Kathmandu," 5,253 ", 32 ,,,,,,,,
,DMM,2025,International,Mar,Arrival,Kathmandu," 5,560 ", 37 ,,,,,,,,
,DMM,2025,International,Apr,Arrival,Kathmandu," 5,719 ", 36 ,,,,,,,,
,DMM,2025,International,May,Arrival,Kathmandu," 5,294 ", 33 ,,,,,,,,
,DMM,2025,International,Jun,Arrival,Kathmandu," 5,165 ", 34 ,,,,,,,,
,DMM,2025,International,Jul,Arrival,Kathmandu," 4,328 ", 29 ,,,,,,,,
,DMM,2025,International,Aug,Arrival,Kathmandu," 6,192 ", 39 ,,,,,,,,
,DMM,2025,International,Sep,Arrival,Kathmandu," 5,451 ", 41 ,,,,,,,,
,DMM,2025,International,Oct,Arrival,Kathmandu," 5,491 ", 40 ,,,,,,,,
,DMM,2025,International,Jan,Departure,Kathmandu," 5,526 ", 37 ,,,,,,,,
,DMM,2025,International,Feb,Departure,Kathmandu," 4,625 ", 32 ,,,,,,,,
,DMM,2025,International,Mar,Departure,Kathmandu," 4,937 ", 37 ,,,,,,,,
,DMM,2025,International,Apr,Departure,Kathmandu," 4,080 ", 36 ,,,,,,,,
,DMM,2025,International,May,Departure,Kathmandu," 3,710 ", 34 ,,,,,,,,
,DMM,2025,International,Jun,Departure,Kathmandu," 3,725 ", 34 ,,,,,,,,
,DMM,2025,International,Jul,Departure,Kathmandu," 3,559 ", 29 ,,,,,,,,
,DMM,2025,International,Aug,Departure,Kathmandu," 4,255 ", 39 ,,,,,,,,
,DMM,2025,International,Sep,Departure,Kathmandu," 5,657 ", 41 ,,,,,,,,
,DMM,2025,International,Oct,Departure,Kathmandu," 5,044 ", 40 ,,,,,,,,
,DMM,2025,International,Jan,Arrival,Kuwait," 4,163 ", 40 ,,,,,,,,
,DMM,2025,International,Feb,Arrival,Kuwait," 4,276 ", 35 ,,,,,,,,
,DMM,2025,International,Mar,Arrival,Kuwait," 2,440 ", 28 ,,,,,,,,
,DMM,2025,International,Apr,Arrival,Kuwait," 1,854 ", 17 ,,,,,,,,
,DMM,2025,International,May,Arrival,Kuwait," 1,656 ", 17 ,,,,,,,,
,DMM,2025,International,Jun,Arrival,Kuwait," 1,696 ", 17 ,,,,,,,,
,DMM,2025,International,Jul,Arrival,Kuwait," 1,475 ", 14 ,,,,,,,,
,DMM,2025,International,Aug,Arrival,Kuwait," 1,819 ", 17 ,,,,,,,,
,DMM,2025,International,Sep,Arrival,Kuwait," 1,563 ", 16 ,,,,,,,,
,DMM,2025,International,Oct,Arrival,Kuwait," 1,736 ", 18 ,,,,,,,,
,DMM,2025,International,Jan,Departure,Kuwait," 4,694 ", 40 ,,,,,,,,
,DMM,2025,International,Feb,Departure,Kuwait," 3,852 ", 36 ,,,,,,,,
,DMM,2025,International,Mar,Departure,Kuwait," 2,971 ", 29 ,,,,,,,,
,DMM,2025,International,Apr,Departure,Kuwait," 1,817 ", 17 ,,,,,,,,
,DMM,2025,International,May,Departure,Kuwait," 2,065 ", 20 ,,,,,,,,
,DMM,2025,International,Jun,Departure,Kuwait," 1,835 ", 18 ,,,,,,,,
,DMM,2025,International,Jul,Departure,Kuwait," 1,643 ", 14 ,,,,,,,,
,DMM,2025,International,Aug,Departure,Kuwait," 1,817 ", 17 ,,,,,,,,
,DMM,2025,International,Sep,Departure,Kuwait," 1,618 ", 16 ,,,,,,,,
,DMM,2025,International,Oct,Departure,Kuwait," 1,770 ", 18 ,,,,,,,,
,DMM,2025,International,Jan,Arrival,Lahore," 11,842 ", 59 ,,,,,,,,
,DMM,2025,International,Feb,Arrival,Lahore," 9,753 ", 50 ,,,,,,,,
,DMM,2025,International,Mar,Arrival,Lahore," 9,557 ", 54 ,,,,,,,,
,DMM,2025,International,Apr,Arrival,Lahore," 9,128 ", 47 ,,,,,,,,
,DMM,2025,International,May,Arrival,Lahore," 7,966 ", 47 ,,,,,,,,
,DMM,2025,International,Jun,Arrival,Lahore," 8,697 ", 47 ,,,,,,,,
,DMM,2025,International,Jul,Arrival,Lahore," 11,033 ", 54 ,,,,,,,,
,DMM,2025,International,Aug,Arrival,Lahore," 8,821 ", 45 ,,,,,,,,
,DMM,2025,International,Sep,Arrival,Lahore," 8,644 ", 53 ,,,,,,,,
,DMM,2025,International,Oct,Arrival,Lahore," 8,695 ", 54 ,,,,,,,,
,DMM,2025,International,Jan,Departure,Lahore," 10,581 ", 62 ,,,,,,,,
,DMM,2025,International,Feb,Departure,Lahore," 8,050 ", 48 ,,,,,,,,
,DMM,2025,International,Mar,Departure,Lahore," 9,512 ", 54 ,,,,,,,,
,DMM,2025,International,Apr,Departure,Lahore," 8,239 ", 47 ,,,,,,,,
,DMM,2025,International,May,Departure,Lahore," 7,517 ", 46 ,,,,,,,,
,DMM,2025,International,Jun,Departure,Lahore," 6,904 ", 48 ,,,,,,,,
,DMM,2025,International,Jul,Departure,Lahore," 5,899 ", 52 ,,,,,,,,
,DMM,2025,International,Aug,Departure,Lahore," 6,334 ", 47 ,,,,,,,,
,DMM,2025,International,Sep,Departure,Lahore," 6,179 ", 47 ,,,,,,,,
,DMM,2025,International,Oct,Departure,Lahore," 9,297 ", 56 ,,,,,,,,
,DMM,2025,International,Jan,Arrival,Lucknow," 10,483 ", 62 ,,,,,,,,
,DMM,2025,International,Feb,Arrival,Lucknow," 8,904 ", 52 ,,,,,,,,
,DMM,2025,International,Mar,Arrival,Lucknow," 5,948 ", 44 ,,,,,,,,
,DMM,2025,International,Apr,Arrival,Lucknow," 6,769 ", 43 ,,,,,,,,
,DMM,2025,International,May,Arrival,Lucknow," 5,637 ", 44 ,,,,,,,,
,DMM,2025,International,Jun,Arrival,Lucknow," 5,737 ", 42 ,,,,,,,,
,DMM,2025,International,Jul,Arrival,Lucknow," 6,715 ", 44 ,,,,,,,,
,DMM,2025,International,Aug,Arrival,Lucknow," 7,237 ", 45 ,,,,,,,,
,DMM,2025,International,Sep,Arrival,Lucknow," 7,017 ", 42 ,,,,,,,,
,DMM,2025,International,Oct,Arrival,Lucknow," 4,572 ", 27 ,,,,,,,,
,DMM,2025,International,Jan,Departure,Lucknow," 8,692 ", 59 ,,,,,,,,
,DMM,2025,International,Feb,Departure,Lucknow," 8,926 ", 52 ,,,,,,,,
,DMM,2025,International,Mar,Departure,Lucknow," 7,536 ", 45 ,,,,,,,,
,DMM,2025,International,Apr,Departure,Lucknow," 7,524 ", 43 ,,,,,,,,
,DMM,2025,International,May,Departure,Lucknow," 7,590 ", 44 ,,,,,,,,
,DMM,2025,International,Jun,Departure,Lucknow," 6,737 ", 42 ,,,,,,,,
,DMM,2025,International,Jul,Departure,Lucknow," 6,805 ", 44 ,,,,,,,,
,DMM,2025,International,Aug,Departure,Lucknow," 5,014 ", 45 ,,,,,,,,
,DMM,2025,International,Sep,Departure,Lucknow," 5,511 ", 42 ,,,,,,,,
,DMM,2025,International,Oct,Departure,Lucknow," 4,682 ", 27 ,,,,,,,,
,DMM,2025,International,Jan,Arrival,Mangalore," 3,200 ", 18 ,,,,,,,,
,DMM,2025,International,Feb,Arrival,Mangalore," 2,961 ", 16 ,,,,,,,,
,DMM,2025,International,Mar,Arrival,Mangalore," 2,858 ", 17 ,,,,,,,,
,DMM,2025,International,Apr,Arrival,Mangalore," 2,497 ", 18 ,,,,,,,,
,DMM,2025,International,May,Arrival,Mangalore," 2,047 ", 17 ,,,,,,,,
,DMM,2025,International,Jun,Arrival,Mangalore," 2,000 ", 15 ,,,,,,,,
,DMM,2025,International,Jul,Arrival,Mangalore," 3,507 ", 21 ,,,,,,,,
,DMM,2025,International,Aug,Arrival,Mangalore," 3,847 ", 22 ,,,,,,,,
,DMM,2025,International,Sep,Arrival,Mangalore," 3,238 ", 18 ,,,,,,,,
,DMM,2025,International,Oct,Arrival,Mangalore," 3,013 ", 17 ,,,,,,,,
,DMM,2025,International,Jan,Departure,Mangalore," 2,743 ", 18 ,,,,,,,,
,DMM,2025,International,Feb,Departure,Mangalore," 1,833 ", 16 ,,,,,,,,
,DMM,2025,International,Mar,Departure,Mangalore," 2,301 ", 17 ,,,,,,,,
,DMM,2025,International,Apr,Departure,Mangalore," 3,152 ", 18 ,,,,,,,,
,DMM,2025,International,May,Departure,Mangalore," 3,064 ", 17 ,,,,,,,,
,DMM,2025,International,Jun,Departure,Mangalore," 2,246 ", 15 ,,,,,,,,
,DMM,2025,International,Jul,Departure,Mangalore," 3,524 ", 21 ,,,,,,,,
,DMM,2025,International,Aug,Departure,Mangalore," 2,440 ", 22 ,,,,,,,,
,DMM,2025,International,Sep,Departure,Mangalore," 2,306 ", 18 ,,,,,,,,
,DMM,2025,International,Oct,Departure,Mangalore," 2,828 ", 17 ,,,,,,,,
,DMM,2025,International,Jan,Arrival,Mashhad," 2,991 ", 18 ,,,,,,,,
,DMM,2025,International,Feb,Arrival,Mashhad," 1,701 ", 10 ,,,,,,,,
,DMM,2025,International,Mar,Arrival,Mashhad, 744 , 4 ,,,,,,,,
,DMM,2025,International,Apr,Arrival,Mashhad," 2,278 ", 13 ,,,,,,,,
,DMM,2025,International,May,Arrival,Mashhad," 1,903 ", 11 ,,,,,,,,
,DMM,2025,International,Jun,Arrival,Mashhad," 1,116 ", 6 ,,,,,,,,
,DMM,2025,International,Jul,Arrival,Mashhad," 1,373 ", 10 ,,,,,,,,
,DMM,2025,International,Aug,Arrival,Mashhad," 3,705 ", 19 ,,,,,,,,
,DMM,2025,International,Sep,Arrival,Mashhad," 1,043 ", 11 ,,,,,,,,
,DMM,2025,International,Oct,Arrival,Mashhad," 1,674 ", 9 ,,,,,,,,
,DMM,2025,International,Jan,Departure,Mashhad," 1,617 ", 18 ,,,,,,,,
,DMM,2025,International,Feb,Departure,Mashhad, 474 , 10 ,,,,,,,,
,DMM,2025,International,Mar,Departure,Mashhad, 353 , 4 ,,,,,,,,
,DMM,2025,International,Apr,Departure,Mashhad," 1,428 ", 13 ,,,,,,,,
,DMM,2025,International,May,Departure,Mashhad, 885 , 11 ,,,,,,,,
,DMM,2025,International,Jun,Departure,Mashhad, 717 , 6 ,,,,,,,,
,DMM,2025,International,Jul,Departure,Mashhad," 1,813 ", 10 ,,,,,,,,
,DMM,2025,International,Aug,Departure,Mashhad," 2,151 ", 19 ,,,,,,,,
,DMM,2025,International,Sep,Departure,Mashhad, 539 , 11 ,,,,,,,,
,DMM,2025,International,Oct,Departure,Mashhad," 1,009 ", 9 ,,,,,,,,
,DMM,2025,International,Jan,Arrival,Multan, 710 , 4 ,,,,,,,,
,DMM,2025,International,Feb,Arrival,Multan, 692 , 4 ,,,,,,,,
,DMM,2025,International,Mar,Arrival,Multan, 498 , 4 ,,,,,,,,
,DMM,2025,International,Apr,Arrival,Multan, 651 , 4 ,,,,,,,,
,DMM,2025,International,May,Arrival,Multan, 740 , 5 ,,,,,,,,
,DMM,2025,International,Jun,Arrival,Multan, 576 , 4 ,,,,,,,,
,DMM,2025,International,Jul,Arrival,Multan, 698 , 4 ,,,,,,,,
,DMM,2025,International,Aug,Arrival,Multan, 880 , 5 ,,,,,,,,
,DMM,2025,International,Sep,Arrival,Multan, 684 , 4 ,,,,,,,,
,DMM,2025,International,Oct,Arrival,Multan, 754 , 5 ,,,,,,,,
,DMM,2025,International,Jan,Departure,Multan, 545 , 3 ,,,,,,,,
,DMM,2025,International,Feb,Departure,Multan, 864 , 4 ,,,,,,,,
,DMM,2025,International,Mar,Departure,Multan, 721 , 4 ,,,,,,,,
,DMM,2025,International,Apr,Departure,Multan, 898 , 4 ,,,,,,,,
,DMM,2025,International,May,Departure,Multan, 731 , 5 ,,,,,,,,
,DMM,2025,International,Jun,Departure,Multan, 570 , 4 ,,,,,,,,
,DMM,2025,International,Jul,Departure,Multan, 534 , 4 ,,,,,,,,
,DMM,2025,International,Aug,Departure,Multan, 718 , 5 ,,,,,,,,
,DMM,2025,International,Sep,Departure,Multan, 951 , 4 ,,,,,,,,
,DMM,2025,International,Oct,Departure,Multan, 793 , 5 ,,,,,,,,
,DMM,2025,International,Jan,Arrival,Muscat," 10,200 ", 61 ,,,,,,,,
,DMM,2025,International,Feb,Arrival,Muscat," 8,314 ", 51 ,,,,,,,,
,DMM,2025,International,Mar,Arrival,Muscat," 7,539 ", 58 ,,,,,,,,
,DMM,2025,International,Apr,Arrival,Muscat," 9,439 ", 60 ,,,,,,,,
,DMM,2025,International,May,Arrival,Muscat," 8,027 ", 62 ,,,,,,,,
,DMM,2025,International,Jun,Arrival,Muscat," 8,392 ", 61 ,,,,,,,,
,DMM,2025,International,Jul,Arrival,Muscat," 8,114 ", 62 ,,,,,,,,
,DMM,2025,International,Aug,Arrival,Muscat," 9,635 ", 56 ,,,,,,,,
,DMM,2025,International,Sep,Arrival,Muscat," 9,302 ", 57 ,,,,,,,,
,DMM,2025,International,Oct,Arrival,Muscat," 8,702 ", 55 ,,,,,,,,
,DMM,2025,International,Jan,Departure,Muscat," 5,311 ", 61 ,,,,,,,,
,DMM,2025,International,Feb,Departure,Muscat," 5,000 ", 51 ,,,,,,,,
,DMM,2025,International,Mar,Departure,Muscat," 6,316 ", 58 ,,,,,,,,
,DMM,2025,International,Apr,Departure,Muscat," 5,967 ", 60 ,,,,,,,,
,DMM,2025,International,May,Departure,Muscat," 6,760 ", 62 ,,,,,,,,
,DMM,2025,International,Jun,Departure,Muscat," 6,230 ", 61 ,,,,,,,,
,DMM,2025,International,Jul,Departure,Muscat," 6,867 ", 62 ,,,,,,,,
,DMM,2025,International,Aug,Departure,Muscat," 5,217 ", 56 ,,,,,,,,
,DMM,2025,International,Sep,Departure,Muscat," 4,707 ", 57 ,,,,,,,,
,DMM,2025,International,Oct,Departure,Muscat," 6,248 ", 55 ,,,,,,,,
,DMM,2025,International,Jan,Arrival,Najaf," 3,763 ", 31 ,,,,,,,,
,DMM,2025,International,Feb,Arrival,Najaf," 2,770 ", 23 ,,,,,,,,
,DMM,2025,International,Mar,Arrival,Najaf," 1,856 ", 21 ,,,,,,,,
,DMM,2025,International,Apr,Arrival,Najaf," 3,252 ", 23 ,,,,,,,,
,DMM,2025,International,May,Arrival,Najaf," 2,417 ", 21 ,,,,,,,,
,DMM,2025,International,Jun,Arrival,Najaf," 1,079 ", 8 ,,,,,,,,
,DMM,2025,International,Jul,Arrival,Najaf," 3,552 ", 32 ,,,,,,,,
,DMM,2025,International,Aug,Arrival,Najaf," 6,737 ", 40 ,,,,,,,,
,DMM,2025,International,Sep,Arrival,Najaf," 2,211 ", 18 ,,,,,,,,
,DMM,2025,International,Oct,Arrival,Najaf," 2,259 ", 20 ,,,,,,,,
,DMM,2025,International,Jan,Departure,Najaf," 4,457 ", 33 ,,,,,,,,
,DMM,2025,International,Feb,Departure,Najaf," 2,553 ", 23 ,,,,,,,,
,DMM,2025,International,Mar,Departure,Najaf," 2,942 ", 23 ,,,,,,,,
,DMM,2025,International,Apr,Departure,Najaf," 2,604 ", 22 ,,,,,,,,
,DMM,2025,International,May,Departure,Najaf," 2,912 ", 22 ,,,,,,,,
,DMM,2025,International,Jun,Departure,Najaf," 1,402 ", 10 ,,,,,,,,
,DMM,2025,International,Jul,Departure,Najaf," 6,103 ", 36 ,,,,,,,,
,DMM,2025,International,Aug,Departure,Najaf," 4,567 ", 38 ,,,,,,,,
,DMM,2025,International,Sep,Departure,Najaf," 1,833 ", 17 ,,,,,,,,
,DMM,2025,International,Oct,Departure,Najaf," 2,581 ", 20 ,,,,,,,,
,DMM,2025,International,Jan,Arrival,Port Sudan , 98 , 2 ,,,,,,,,
,DMM,2025,International,Feb,Arrival,Port Sudan , 164 , 2 ,,,,,,,,
,DMM,2025,International,Mar,Arrival,Port Sudan , 239 , 2 ,,,,,,,,
,DMM,2025,International,Apr,Arrival,Port Sudan , 344 , 5 ,,,,,,,,
,DMM,2025,International,May,Arrival,Port Sudan , 202 , 5 ,,,,,,,,
,DMM,2025,International,Jun,Arrival,Port Sudan , 811 , 7 ,,,,,,,,
,DMM,2025,International,Jul,Arrival,Port Sudan , 646 , 5 ,,,,,,,,
,DMM,2025,International,Aug,Arrival,Port Sudan ," 1,362 ", 9 ,,,,,,,,
,DMM,2025,International,Sep,Arrival,Port Sudan ," 1,188 ", 8 ,,,,,,,,
,DMM,2025,International,Oct,Arrival,Port Sudan ," 1,396 ", 8 ,,,,,,,,
,DMM,2025,International,Jan,Departure,Port Sudan , 247 , 2 ,,,,,,,,
,DMM,2025,International,Feb,Departure,Port Sudan , 246 , 2 ,,,,,,,,
,DMM,2025,International,Mar,Departure,Port Sudan , 207 , 2 ,,,,,,,,
,DMM,2025,International,Apr,Departure,Port Sudan ,510,4,,,,,,,,
,DMM,2025,International,May,Departure,Port Sudan ,576,5,,,,,,,,
,DMM,2025,International,Jun,Departure,Port Sudan , 852 , 8 ,,,,,,,,
,DMM,2025,International,Jul,Departure,Port Sudan , 619 , 5 ,,,,,,,,
,DMM,2025,International,Aug,Departure,Port Sudan , 749 , 8 ,,,,,,,,
,DMM,2025,International,Sep,Departure,Port Sudan , 853 , 9 ,,,,,,,,
,DMM,2025,International,Oct,Departure,Port Sudan , 862 , 8 ,,,,,,,,
,DMM,2025,International,Jan,Arrival,Sharjah," 15,879 ", 93 ,,,,,,,,
,DMM,2025,International,Feb,Arrival,Sharjah," 14,223 ", 84 ,,,,,,,,
,DMM,2025,International,Mar,Arrival,Sharjah," 12,782 ", 93 ,,,,,,,,
,DMM,2025,International,Apr,Arrival,Sharjah," 13,799 ", 90 ,,,,,,,,
,DMM,2025,International,May,Arrival,Sharjah," 11,539 ", 93 ,,,,,,,,
,DMM,2025,International,Jun,Arrival,Sharjah," 13,897 ", 90 ,,,,,,,,
,DMM,2025,International,Jul,Arrival,Sharjah," 15,924 ", 93 ,,,,,,,,
,DMM,2025,International,Aug,Arrival,Sharjah," 15,268 ", 93 ,,,,,,,,
,DMM,2025,International,Sep,Arrival,Sharjah," 12,475 ", 90 ,,,,,,,,
,DMM,2025,International,Oct,Arrival,Sharjah," 13,488 ", 93 ,,,,,,,,
,DMM,2025,International,Jan,Departure,Sharjah," 11,802 ", 93 ,,,,,,,,
,DMM,2025,International,Feb,Departure,Sharjah," 9,745 ", 84 ,,,,,,,,
,DMM,2025,International,Mar,Departure,Sharjah," 10,923 ", 93 ,,,,,,,,
,DMM,2025,International,Apr,Departure,Sharjah," 11,587 ", 90 ,,,,,,,,
,DMM,2025,International,May,Departure,Sharjah," 11,623 ", 93 ,,,,,,,,
,DMM,2025,International,Jun,Departure,Sharjah," 9,811 ", 90 ,,,,,,,,
,DMM,2025,International,Jul,Departure,Sharjah," 13,983 ", 93 ,,,,,,,,
,DMM,2025,International,Aug,Departure,Sharjah," 11,402 ", 93 ,,,,,,,,
,DMM,2025,International,Sep,Departure,Sharjah," 8,678 ", 90 ,,,,,,,,
,DMM,2025,International,Oct,Departure,Sharjah," 11,551 ", 94 ,,,,,,,,
,DMM,2025,International,Jan,Arrival,Sialkot, 682 , 4 ,,,,,,,,
,DMM,2025,International,Feb,Arrival,Sialkot, 989 , 6 ,,,,,,,,
,DMM,2025,International,Mar,Arrival,Sialkot," 1,153 ", 9 ,,,,,,,,
,DMM,2025,International,Apr,Arrival,Sialkot," 1,225 ", 8 ,,,,,,,,
,DMM,2025,International,May,Arrival,Sialkot, 996 , 7 ,,,,,,,,
,DMM,2025,International,Jun,Arrival,Sialkot," 1,282 ", 9 ,,,,,,,,
,DMM,2025,International,Jul,Arrival,Sialkot," 1,513 ", 9 ,,,,,,,,
,DMM,2025,International,Aug,Arrival,Sialkot," 1,368 ", 8 ,,,,,,,,
,DMM,2025,International,Sep,Arrival,Sialkot," 1,126 ", 7 ,,,,,,,,
,DMM,2025,International,Oct,Arrival,Sialkot," 1,390 ", 9 ,,,,,,,,
,DMM,2025,International,Jan,Departure,Sialkot, 451 , 3 ,,,,,,,,
,DMM,2025,International,Feb,Departure,Sialkot," 1,207 ", 8 ,,,,,,,,
,DMM,2025,International,Mar,Departure,Sialkot," 1,240 ", 9 ,,,,,,,,
,DMM,2025,International,Apr,Departure,Sialkot," 1,124 ", 8 ,,,,,,,,
,DMM,2025,International,May,Departure,Sialkot, 980 , 7 ,,,,,,,,
,DMM,2025,International,Jun,Departure,Sialkot, 999 , 9 ,,,,,,,,
,DMM,2025,International,Jul,Departure,Sialkot, 906 , 9 ,,,,,,,,
,DMM,2025,International,Aug,Departure,Sialkot," 1,173 ", 14 ,,,,,,,,
,DMM,2025,International,Sep,Departure,Sialkot," 2,060 ", 16 ,,,,,,,,
,DMM,2025,International,Oct,Departure,Sialkot," 1,766 ", 11 ,,,,,,,,
,DMM,2025,International,Jan,Arrival,Thiruvananthapuram," 5,360 ", 32 ,,,,,,,,
,DMM,2025,International,Feb,Arrival,Thiruvananthapuram," 4,951 ", 29 ,,,,,,,,
,DMM,2025,International,Mar,Arrival,Thiruvananthapuram," 4,389 ", 30 ,,,,,,,,
,DMM,2025,International,Apr,Arrival,Thiruvananthapuram," 4,754 ", 30 ,,,,,,,,
,DMM,2025,International,May,Arrival,Thiruvananthapuram," 4,252 ", 31 ,,,,,,,,
,DMM,2025,International,Jun,Arrival,Thiruvananthapuram," 3,813 ", 28 ,,,,,,,,
,DMM,2025,International,Jul,Arrival,Thiruvananthapuram," 4,517 ", 33 ,,,,,,,,
,DMM,2025,International,Aug,Arrival,Thiruvananthapuram," 5,605 ", 35 ,,,,,,,,
,DMM,2025,International,Sep,Arrival,Thiruvananthapuram," 4,945 ", 30 ,,,,,,,,
,DMM,2025,International,Oct,Arrival,Thiruvananthapuram," 5,323 ", 31 ,,,,,,,,
,DMM,2025,International,Jan,Departure,Thiruvananthapuram," 4,428 ", 31 ,,,,,,,,
,DMM,2025,International,Feb,Departure,Thiruvananthapuram," 3,503 ", 29 ,,,,,,,,
,DMM,2025,International,Mar,Departure,Thiruvananthapuram," 4,124 ", 31 ,,,,,,,,
,DMM,2025,International,Apr,Departure,Thiruvananthapuram," 3,667 ", 30 ,,,,,,,,
,DMM,2025,International,May,Departure,Thiruvananthapuram," 5,214 ", 31 ,,,,,,,,
,DMM,2025,International,Jun,Departure,Thiruvananthapuram," 3,971 ", 29 ,,,,,,,,
,DMM,2025,International,Jul,Departure,Thiruvananthapuram," 4,814 ", 33 ,,,,,,,,
,DMM,2025,International,Aug,Departure,Thiruvananthapuram," 4,315 ", 35 ,,,,,,,,
,DMM,2025,International,Sep,Departure,Thiruvananthapuram," 3,252 ", 30 ,,,,,,,,
,DMM,2025,International,Oct,Departure,Thiruvananthapuram," 3,663 ", 31 ,,,,,,,,
,DMM,2025,International,Jul,Arrival,Asyut," 1,403 ", 8 ,,,,,,,,
,DMM,2025,International,Aug,Arrival,Asyut," 1,550 ", 9 ,,,,,,,,
,DMM,2025,International,Sep,Arrival,Asyut," 1,656 ", 10 ,,,,,,,,
,DMM,2025,International,Oct,Arrival,Asyut," 1,986 ", 12 ,,,,,,,,
,DMM,2025,International,Jul,Departure,Asyut,941,8,,,,,,,,
,DMM,2025,International,Aug,Departure,Asyut,1005,9,,,,,,,,
,DMM,2025,International,Sep,Departure,Asyut,823,10,,,,,,,,
,DMM,2025,International,Oct,Departure,Asyut,1310,12,,,,,,,,
,DMM,2025,International,Jan,Arrival,Baghdad, 86 , 4 ,,,,,,,,
,DMM,2025,International,Mar,Arrival,Baghdad, 372 , 4 ,,,,,,,,
,DMM,2025,International,Apr,Arrival,Baghdad, 156 , 1 ,,,,,,,,
,DMM,2025,International,May,Arrival,Baghdad, 372 , 3 ,,,,,,,,
,DMM,2025,International,Jun,Arrival,Baghdad, 427 , 3 ,,,,,,,,
,DMM,2025,International,Jul,Arrival,Baghdad, 372 , 5 ,,,,,,,,
,DMM,2025,International,Aug,Arrival,Baghdad, 186 , 1 ,,,,,,,,
,DMM,2025,International,Jan,Departure,Baghdad, 211 , 2 ,,,,,,,,
,DMM,2025,International,Mar,Departure,Baghdad, -   , 2 ,,,,,,,,
,DMM,2025,International,Apr,Departure,Baghdad, -   , 2 ,,,,,,,,
,DMM,2025,International,May,Departure,Baghdad,161,2,,,,,,,,
,DMM,2025,International,Jun,Departure,Baghdad,75,1,,,,,,,,
,DMM,2025,International,Jul,Departure,Baghdad, 79 , 1 ,,,,,,,,
,DMM,2025,International,Aug,Departure,Baghdad, -   , 2 ,,,,,,,,
,DMM,2025,International,Sep,Departure,Baghdad, -   , 1 ,,,,,,,,
,DMM,2025,International,Aug,Arrival,Beijingÿ," 1,377 ", 9 ,,,,,,,,
,DMM,2025,International,Sep,Arrival,Beijingÿ," 1,101 ", 9 ,,,,,,,,
,DMM,2025,International,Oct,Arrival,Beijingÿ, 984 , 8 ,,,,,,,,
,DMM,2025,International,Jan,Departure,Beijingÿ, 998 , 9 ,,,,,,,,
,DMM,2025,International,Feb,Departure,Beijingÿ, 758 , 8 ,,,,,,,,
,DMM,2025,International,Mar,Departure,Beijingÿ, 731 , 9 ,,,,,,,,
,DMM,2025,International,Apr,Departure,Beijingÿ, 540 , 8 ,,,,,,,,
,DMM,2025,International,May,Departure,Beijingÿ, 940 , 9 ,,,,,,,,
,DMM,2025,International,Jun,Departure,Beijingÿ, 886 , 9 ,,,,,,,,
,DMM,2025,International,Jul,Departure,Beijingÿ," 1,074 ", 8 ,,,,,,,,
,DMM,2025,International,Aug,Departure,Beijingÿ," 1,110 ", 9 ,,,,,,,,
,DMM,2025,International,Sep,Departure,Beijingÿ," 1,002 ", 9 ,,,,,,,,
,DMM,2025,International,Oct,Departure,Beijingÿ, 940 , 9 ,,,,,,,,
,DMM,2025,International,Mar,Arrival,Damascus, 186 , 2 ,,,,,,,,
,DMM,2025,International,Apr,Arrival,Damascus, 663 , 4 ,,,,,,,,
,DMM,2025,International,May,Arrival,Damascus, 186 , 1 ,,,,,,,,
,DMM,2025,International,Jun,Arrival,Damascus, 558 , 3 ,,,,,,,,
,DMM,2025,International,Jul,Arrival,Damascus, 906 , 5 ,,,,,,,,
,DMM,2025,International,Aug,Arrival,Damascus, 925 , 5 ,,,,,,,,
,DMM,2025,International,Sep,Arrival,Damascus, 375 , 4 ,,,,,,,,
,DMM,2025,International,Oct,Arrival,Damascus," 1,948 ", 17 ,,,,,,,,
,DMM,2025,International,Mar,Departure,Damascus, 251 , 2 ,,,,,,,,
,DMM,2025,International,Apr,Departure,Damascus, 288 , 4 ,,,,,,,,
,DMM,2025,International,May,Departure,Damascus, 158 , 1 ,,,,,,,,
,DMM,2025,International,Jun,Departure,Damascus, 381 , 3 ,,,,,,,,
,DMM,2025,International,Jul,Departure,Damascus, 496 , 5 ,,,,,,,,
,DMM,2025,International,Aug,Departure,Damascus, 197 , 4 ,,,,,,,,
,DMM,2025,International,Sep,Departure,Damascus, 273 , 4 ,,,,,,,,
,DMM,2025,International,Oct,Departure,Damascus," 1,201 ", 17 ,,,,,,,,
,DMM,2025,International,Jan,Arrival,Kannur," 2,069 ", 14 ,,,,,,,,
,DMM,2025,International,Feb,Arrival,Kannur," 2,076 ", 12 ,,,,,,,,
,DMM,2025,International,Mar,Arrival,Kannur," 1,567 ", 13 ,,,,,,,,
,DMM,2025,International,Apr,Arrival,Kannur," 1,561 ", 13 ,,,,,,,,
,DMM,2025,International,May,Arrival,Kannur, 960 , 14 ,,,,,,,,
,DMM,2025,International,Jun,Arrival,Kannur," 1,724 ", 21 ,,,,,,,,
,DMM,2025,International,Jul,Arrival,Kannur," 1,282 ", 17 ,,,,,,,,
,DMM,2025,International,Aug,Arrival,Kannur," 2,495 ", 14 ,,,,,,,,
,DMM,2025,International,Sep,Arrival,Kannur," 2,008 ", 11 ,,,,,,,,
,DMM,2025,International,Jan,Departure,Kannur," 1,405 ", 14 ,,,,,,,,
,DMM,2025,International,Feb,Departure,Kannur, 786 , 12 ,,,,,,,,
,DMM,2025,International,Mar,Departure,Kannur," 1,191 ", 13 ,,,,,,,,
,DMM,2025,International,Apr,Departure,Kannur," 1,665 ", 13 ,,,,,,,,
,DMM,2025,International,May,Departure,Kannur," 1,955 ", 14 ,,,,,,,,
,DMM,2025,International,Jun,Departure,Kannur," 2,484 ", 21 ,,,,,,,,
,DMM,2025,International,Jul,Departure,Kannur," 3,010 ", 17 ,,,,,,,,
,DMM,2025,International,Aug,Departure,Kannur," 1,256 ", 14 ,,,,,,,,
,DMM,2025,International,Sep,Departure,Kannur, 942 , 11 ,,,,,,,,
,DMM,2025,International,Jun,Arrival,Salalah, 123 , 4 ,,,,,,,,
,DMM,2025,International,Jul,Arrival,Salalah, 672 , 8 ,,,,,,,,
,DMM,2025,International,Aug,Arrival,Salalah," 1,394 ", 8 ,,,,,,,,
,DMM,2025,International,Jun,Departure,Salalah, 183 , 4 ,,,,,,,,
,DMM,2025,International,Jul,Departure,Salalah," 1,261 ", 9 ,,,,,,,,
,DMM,2025,International,Aug,Departure,Salalah," 1,224 ", 7 ,,,,,,,,
,DMM,2025,International,Jan,Arrival,Sohag," 1,484 ", 9 ,,,,,,,,
,DMM,2025,International,Feb,Arrival,Sohag," 1,338 ", 8 ,,,,,,,,
,DMM,2025,International,Mar,Arrival,Sohag, 910 , 9 ,,,,,,,,
,DMM,2025,International,Apr,Arrival,Sohag," 1,176 ", 8 ,,,,,,,,
,DMM,2025,International,May,Arrival,Sohag," 1,062 ", 9 ,,,,,,,,
,DMM,2025,International,Jun,Arrival,Sohag," 1,165 ", 9 ,,,,,,,,
,DMM,2025,International,Jan,Departure,Sohag," 1,101 ", 9 ,,,,,,,,
,DMM,2025,International,Feb,Departure,Sohag, 973 , 8 ,,,,,,,,
,DMM,2025,International,Mar,Departure,Sohag," 1,127 ", 9 ,,,,,,,,
,DMM,2025,International,Apr,Departure,Sohag, 966 , 8 ,,,,,,,,
,DMM,2025,International,May,Departure,Sohag," 1,187 ", 9 ,,,,,,,,
,DMM,2025,International,Jun,Departure,Sohag," 1,044 ", 9 ,,,,,,,,
,DMM,2025,International,Jun,Arrival,Tbilisi," 1,551 ", 17 ,,,,,,,,
,DMM,2025,International,Jul,Arrival,Tbilisi," 2,355 ", 17 ,,,,,,,,
,DMM,2025,International,Aug,Arrival,Tbilisi," 2,769 ", 18 ,,,,,,,,
,DMM,2025,International,Sep,Arrival,Tbilisi, 327 , 4 ,,,,,,,,
,DMM,2025,International,Jun,Departure,Tbilisi," 1,843 ", 17 ,,,,,,,,
,DMM,2025,International,Jul,Departure,Tbilisi," 2,590 ", 17 ,,,,,,,,
,DMM,2025,International,Aug,Departure,Tbilisi," 1,907 ", 18 ,,,,,,,,
,DMM,2025,International,Sep,Departure,Tbilisi, 260 , 4 ,,,,,,,,
,DMM,2025,International,Jan,Arrival,Tiruchirapally," 1,074 ", 8 ,,,,,,,,
,DMM,2025,International,Feb,Arrival,Tiruchirapally," 1,096 ", 8 ,,,,,,,,
,DMM,2025,International,Mar,Arrival,Tiruchirapally, 781 , 9 ,,,,,,,,
,DMM,2025,International,Apr,Arrival,Tiruchirapally,862,7,,,,,,,,
,DMM,2025,International,May,Arrival,Tiruchirapally,752,9,,,,,,,,
,DMM,2025,International,Jun,Arrival,Tiruchirapally," 1,111 ", 9 ,,,,,,,,
,DMM,2025,International,Jul,Arrival,Tiruchirapally," 1,192 ", 9 ,,,,,,,,
,DMM,2025,International,Aug,Arrival,Tiruchirapally," 1,252 ", 9 ,,,,,,,,
,DMM,2025,International,Sep,Arrival,Tiruchirapally, 485 , 3 ,,,,,,,,
,DMM,2025,International,Jan,Departure,Tiruchirapally," 1,405 ", 8 ,,,,,,,,
,DMM,2025,International,Feb,Departure,Tiruchirapally," 1,153 ", 8 ,,,,,,,,
,DMM,2025,International,Mar,Departure,Tiruchirapally," 1,692 ", 9 ,,,,,,,,
,DMM,2025,International,Apr,Departure,Tiruchirapally," 1,176 ", 7 ,,,,,,,,
,DMM,2025,International,May,Departure,Tiruchirapally," 1,553 ", 9 ,,,,,,,,
,DMM,2025,International,Jun,Departure,Tiruchirapally," 1,379 ", 9 ,,,,,,,,
,DMM,2025,International,Jul,Departure,Tiruchirapally," 1,205 ", 9 ,,,,,,,,
,DMM,2025,International,Aug,Departure,Tiruchirapally, 753 , 9 ,,,,,,,,
,DMM,2025,International,Sep,Departure,Tiruchirapally, 196 , 3 ,,,,,,,,
,DMM,2025,International,May,Arrival,Trabzon, 190 , 3 ,,,,,,,,
,DMM,2025,International,Jun,Arrival,Trabzon," 2,512 ", 18 ,,,,,,,,
,DMM,2025,International,Jul,Arrival,Trabzon," 4,070 ", 31 ,,,,,,,,
,DMM,2025,International,Aug,Arrival,Trabzon," 4,779 ", 31 ,,,,,,,,
,DMM,2025,International,Sep,Arrival,Trabzon," 1,669 ", 13 ,,,,,,,,
,DMM,2025,International,May,Departure,Trabzon, 513 , 3 ,,,,,,,,
,DMM,2025,International,Jun,Departure,Trabzon," 2,693 ", 18 ,,,,,,,,
,DMM,2025,International,Jul,Departure,Trabzon," 5,329 ", 31 ,,,,,,,,
,DMM,2025,International,Aug,Departure,Trabzon," 3,884 ", 31 ,,,,,,,,
,DMM,2025,International,Sep,Departure,Trabzon," 1,364 ", 13 ,,,,,,,,
,DMM,2024,International,Jan,Arrival ,Abu Dhabi ," 15,907 ", 121 ,,,,,,,,
,DMM,2024,International,Feb,Arrival ,Abu Dhabi ," 16,129 ", 117 ,,,,,,,,
,DMM,2024,International,Mar,Arrival ,Abu Dhabi ," 16,488 ", 125 ,,,,,,,,
,DMM,2024,International,Apr,Arrival ,Abu Dhabi ," 15,538 ", 119 ,,,,,,,,
,DMM,2024,International,May,Arrival ,Abu Dhabi ," 16,940 ", 124 ,,,,,,,,
,DMM,2024,International,Jun,Arrival ,Abu Dhabi ," 17,817 ", 120 ,,,,,,,,
,DMM,2024,International,Jul,Arrival ,Abu Dhabi ," 20,466 ", 124 ,,,,,,,,
,DMM,2024,International,Aug,Arrival ,Abu Dhabi ," 19,524 ", 124 ,,,,,,,,
,DMM,2024,International,Sep,Arrival ,Abu Dhabi ," 15,838 ", 118 ,,,,,,,,
,DMM,2024,International,Oct,Arrival ,Abu Dhabi ," 16,504 ", 123 ,,,,,,,,
,DMM,2024,International,Nov,Arrival ,Abu Dhabi ," 19,550 ", 121 ,,,,,,,,
,DMM,2024,International,Dec,Arrival ,Abu Dhabi ," 18,211 ", 122 ,,,,,,,,
,DMM,2024,International,Jan,Departure,Abu Dhabi ," 11,473 ", 95 ,,,,,,,,
,DMM,2024,International,Feb,Departure,Abu Dhabi ," 16,402 ", 116 ,,,,,,,,
,DMM,2024,International,Mar,Departure,Abu Dhabi ," 14,713 ", 125 ,,,,,,,,
,DMM,2024,International,Apr,Departure,Abu Dhabi ," 17,894 ", 119 ,,,,,,,,
,DMM,2024,International,May,Departure,Abu Dhabi ," 16,301 ", 124 ,,,,,,,,
,DMM,2024,International,Jun,Departure,Abu Dhabi ," 19,784 ", 120 ,,,,,,,,
,DMM,2024,International,Jul,Departure,Abu Dhabi ," 18,960 ", 124 ,,,,,,,,
,DMM,2024,International,Aug,Departure,Abu Dhabi ," 17,080 ", 124 ,,,,,,,,
,DMM,2024,International,Sep,Departure,Abu Dhabi ," 15,148 ", 118 ,,,,,,,,
,DMM,2024,International,Oct,Departure,Abu Dhabi ," 15,668 ", 123 ,,,,,,,,
,DMM,2024,International,Nov,Departure,Abu Dhabi ," 18,939 ", 121 ,,,,,,,,
,DMM,2024,International,Dec,Departure,Abu Dhabi ," 19,411 ", 122 ,,,,,,,,
,DMM,2024,International,Jan,Arrival ,Addis Ababa," 3,301 ", 22 ,,,,,,,,
,DMM,2024,International,Feb,Arrival ,Addis Ababa," 3,828 ", 25 ,,,,,,,,
,DMM,2024,International,Mar,Arrival ,Addis Ababa," 4,537 ", 27 ,,,,,,,,
,DMM,2024,International,Apr,Arrival ,Addis Ababa," 3,379 ", 27 ,,,,,,,,
,DMM,2024,International,May,Arrival ,Addis Ababa," 2,012 ", 21 ,,,,,,,,
,DMM,2024,International,Jun,Arrival ,Addis Ababa," 2,919 ", 29 ,,,,,,,,
,DMM,2024,International,Jul,Arrival ,Addis Ababa," 4,847 ", 30 ,,,,,,,,
,DMM,2024,International,Aug,Arrival ,Addis Ababa," 4,777 ", 31 ,,,,,,,,
,DMM,2024,International,Sep,Arrival ,Addis Ababa," 5,094 ", 30 ,,,,,,,,
,DMM,2024,International,Oct,Arrival ,Addis Ababa," 4,471 ", 31 ,,,,,,,,
,DMM,2024,International,Nov,Arrival ,Addis Ababa," 4,323 ", 30 ,,,,,,,,
,DMM,2024,International,Dec,Arrival ,Addis Ababa," 3,985 ", 30 ,,,,,,,,
,DMM,2024,International,Jan,Departure,Addis Ababa, 508 , 17 ,,,,,,,,
,DMM,2024,International,Feb,Departure,Addis Ababa, 548 , 25 ,,,,,,,,
,DMM,2024,International,Mar,Departure,Addis Ababa, 590 , 27 ,,,,,,,,
,DMM,2024,International,Apr,Departure,Addis Ababa," 1,178 ", 27 ,,,,,,,,
,DMM,2024,International,May,Departure,Addis Ababa," 1,230 ", 21 ,,,,,,,,
,DMM,2024,International,Jun,Departure,Addis Ababa," 3,290 ", 29 ,,,,,,,,
,DMM,2024,International,Jul,Departure,Addis Ababa," 2,598 ", 30 ,,,,,,,,
,DMM,2024,International,Aug,Departure,Addis Ababa," 2,008 ", 31 ,,,,,,,,
,DMM,2024,International,Sep,Departure,Addis Ababa," 1,417 ", 30 ,,,,,,,,
,DMM,2024,International,Oct,Departure,Addis Ababa," 1,316 ", 31 ,,,,,,,,
,DMM,2024,International,Nov,Departure,Addis Ababa," 1,584 ", 30 ,,,,,,,,
,DMM,2024,International,Dec,Departure,Addis Ababa," 2,387 ", 30 ,,,,,,,,
,DMM,2024,International,Jan,Arrival ,Alexandria," 1,228 ", 9 ,,,,,,,,
,DMM,2024,International,Feb,Arrival ,Alexandria," 1,038 ", 8 ,,,,,,,,
,DMM,2024,International,Mar,Arrival ,Alexandria," 1,091 ", 9 ,,,,,,,,
,DMM,2024,International,Apr,Arrival ,Alexandria, 905 , 8 ,,,,,,,,
,DMM,2024,International,May,Arrival ,Alexandria," 3,234 ", 23 ,,,,,,,,
,DMM,2024,International,Jun,Arrival ,Alexandria," 2,528 ", 22 ,,,,,,,,
,DMM,2024,International,Jul,Arrival ,Alexandria," 3,782 ", 27 ,,,,,,,,
,DMM,2024,International,Aug,Arrival ,Alexandria," 4,197 ", 27 ,,,,,,,,
,DMM,2024,International,Sep,Arrival ,Alexandria," 3,123 ", 20 ,,,,,,,,
,DMM,2024,International,Oct,Arrival ,Alexandria," 2,500 ", 17 ,,,,,,,,
,DMM,2024,International,Nov,Arrival ,Alexandria," 1,239 ", 9 ,,,,,,,,
,DMM,2024,International,Dec,Arrival ,Alexandria," 1,036 ", 8 ,,,,,,,,
,DMM,2024,International,Jan,Departure,Alexandria, 721 , 7 ,,,,,,,,
,DMM,2024,International,Feb,Departure,Alexandria," 1,050 ", 8 ,,,,,,,,
,DMM,2024,International,Mar,Departure,Alexandria, 996 , 9 ,,,,,,,,
,DMM,2024,International,Apr,Departure,Alexandria, 967 , 8 ,,,,,,,,
,DMM,2024,International,May,Departure,Alexandria," 2,379 ", 23 ,,,,,,,,
,DMM,2024,International,Jun,Departure,Alexandria," 3,369 ", 22 ,,,,,,,,
,DMM,2024,International,Jul,Departure,Alexandria," 3,676 ", 27 ,,,,,,,,
,DMM,2024,International,Aug,Departure,Alexandria," 3,012 ", 27 ,,,,,,,,
,DMM,2024,International,Sep,Departure,Alexandria," 2,585 ", 20 ,,,,,,,,
,DMM,2024,International,Oct,Departure,Alexandria," 1,779 ", 17 ,,,,,,,,
,DMM,2024,International,Nov,Departure,Alexandria," 1,129 ", 9 ,,,,,,,,
,DMM,2024,International,Dec,Departure,Alexandria, 879 , 8 ,,,,,,,,
,DMM,2024,International,Jan,Arrival ,Amman," 6,458 ", 53 ,,,,,,,,
,DMM,2024,International,Feb,Arrival ,Amman," 4,349 ", 44 ,,,,,,,,
,DMM,2024,International,Mar,Arrival ,Amman," 3,508 ", 37 ,,,,,,,,
,DMM,2024,International,Apr,Arrival ,Amman," 4,783 ", 52 ,,,,,,,,
,DMM,2024,International,May,Arrival ,Amman," 3,523 ", 42 ,,,,,,,,
,DMM,2024,International,Jun,Arrival ,Amman," 4,100 ", 74 ,,,,,,,,
,DMM,2024,International,Jul,Arrival ,Amman," 6,683 ", 66 ,,,,,,,,
,DMM,2024,International,Aug,Arrival ,Amman," 9,575 ", 72 ,,,,,,,,
,DMM,2024,International,Sep,Arrival ,Amman," 4,448 ", 38 ,,,,,,,,
,DMM,2024,International,Oct,Arrival ,Amman," 4,315 ", 45 ,,,,,,,,
,DMM,2024,International,Nov,Arrival ,Amman," 4,277 ", 39 ,,,,,,,,
,DMM,2024,International,Dec,Arrival ,Amman," 4,394 ", 41 ,,,,,,,,
,DMM,2024,International,Jan,Departure,Amman," 4,040 ", 42 ,,,,,,,,
,DMM,2024,International,Feb,Departure,Amman," 4,754 ", 43 ,,,,,,,,
,DMM,2024,International,Mar,Departure,Amman," 4,280 ", 38 ,,,,,,,,
,DMM,2024,International,Apr,Departure,Amman," 4,703 ", 50 ,,,,,,,,
,DMM,2024,International,May,Departure,Amman," 4,933 ", 43 ,,,,,,,,
,DMM,2024,International,Jun,Departure,Amman," 8,747 ", 74 ,,,,,,,,
,DMM,2024,International,Jul,Departure,Amman," 7,265 ", 66 ,,,,,,,,
,DMM,2024,International,Aug,Departure,Amman," 5,788 ", 71 ,,,,,,,,
,DMM,2024,International,Sep,Departure,Amman," 3,979 ", 39 ,,,,,,,,
,DMM,2024,International,Oct,Departure,Amman," 4,195 ", 44 ,,,,,,,,
,DMM,2024,International,Nov,Departure,Amman," 3,875 ", 39 ,,,,,,,,
,DMM,2024,International,Dec,Departure,Amman," 3,952 ", 41 ,,,,,,,,
,DMM,2024,International,Jan,Arrival ,Amsterdam," 2,137 ", 25 ,,,,,,,,
,DMM,2024,International,Feb,Arrival ,Amsterdam," 1,591 ", 24 ,,,,,,,,
,DMM,2024,International,Mar,Arrival ,Amsterdam," 1,909 ", 25 ,,,,,,,,
,DMM,2024,International,Apr,Arrival ,Amsterdam," 1,972 ", 24 ,,,,,,,,
,DMM,2024,International,May,Arrival ,Amsterdam," 1,978 ", 26 ,,,,,,,,
,DMM,2024,International,Jun,Arrival ,Amsterdam," 1,970 ", 22 ,,,,,,,,
,DMM,2024,International,Jul,Arrival ,Amsterdam," 2,247 ", 23 ,,,,,,,,
,DMM,2024,International,Aug,Arrival ,Amsterdam," 3,170 ", 27 ,,,,,,,,
,DMM,2024,International,Sep,Arrival ,Amsterdam," 1,899 ", 24 ,,,,,,,,
,DMM,2024,International,Oct,Arrival ,Amsterdam," 1,831 ", 25 ,,,,,,,,
,DMM,2024,International,Nov,Arrival ,Amsterdam," 1,767 ", 26 ,,,,,,,,
,DMM,2024,International,Dec,Arrival ,Amsterdam," 2,600 ", 27 ,,,,,,,,
,DMM,2024,International,Jan,Departure,Amsterdam," 2,373 ", 19 ,,,,,,,,
,DMM,2024,International,Feb,Departure,Amsterdam," 2,681 ", 24 ,,,,,,,,
,DMM,2024,International,Mar,Departure,Amsterdam," 2,560 ", 25 ,,,,,,,,
,DMM,2024,International,Apr,Departure,Amsterdam," 3,263 ", 24 ,,,,,,,,
,DMM,2024,International,May,Departure,Amsterdam," 2,799 ", 26 ,,,,,,,,
,DMM,2024,International,Jun,Departure,Amsterdam," 3,180 ", 22 ,,,,,,,,
,DMM,2024,International,Jul,Departure,Amsterdam," 2,957 ", 23 ,,,,,,,,
,DMM,2024,International,Aug,Departure,Amsterdam," 4,078 ", 27 ,,,,,,,,
,DMM,2024,International,Sep,Departure,Amsterdam," 2,708 ", 24 ,,,,,,,,
,DMM,2024,International,Oct,Departure,Amsterdam," 1,867 ", 25 ,,,,,,,,
,DMM,2024,International,Nov,Departure,Amsterdam," 2,155 ", 26 ,,,,,,,,
,DMM,2024,International,Dec,Departure,Amsterdam," 2,603 ", 27 ,,,,,,,,
,DMM,2024,International,Jan,Arrival ,Bagdad, -   , 7 ,,,,,,,,
,DMM,2024,International,Feb,Arrival ,Bagdad, -   , 7 ,,,,,,,,
,DMM,2024,International,Mar,Arrival ,Bagdad, -   , 2 ,,,,,,,,
,DMM,2024,International,Apr,Arrival ,Bagdad, 150 , 2 ,,,,,,,,
,DMM,2024,International,May,Arrival ,Bagdad, 124 , 1 ,,,,,,,,
,DMM,2024,International,Jun,Arrival ,Bagdad, -   , 12 ,,,,,,,,
,DMM,2024,International,Jul,Arrival ,Bagdad, -   , 3 ,,,,,,,,
,DMM,2024,International,Aug,Arrival ,Bagdad, -   , 3 ,,,,,,,,
,DMM,2024,International,Sep,Arrival ,Bagdad, -   , 1 ,,,,,,,,
,DMM,2024,International,Nov,Arrival ,Bagdad, 372 , 2 ,,,,,,,,
,DMM,2024,International,Jan,Departure,Bagdad, 691 , 5 ,,,,,,,,
,DMM,2024,International,Feb,Departure,Bagdad, 351 , 2 ,,,,,,,,
,DMM,2024,International,Mar,Departure,Bagdad, -   , 1 ,,,,,,,,
,DMM,2024,International,Apr,Departure,Bagdad, -   , 3 ,,,,,,,,
,DMM,2024,International,May,Departure,Bagdad, 176 , 1 ,,,,,,,,
,DMM,2024,International,Jun,Departure,Bagdad, 724 , 7 ,,,,,,,,
,DMM,2024,International,Jul,Departure,Bagdad, -   , 1 ,,,,,,,,
,DMM,2024,International,Aug,Departure,Bagdad, 554 , 6 ,,,,,,,,
,DMM,2024,International,Sep,Departure,Bagdad, -   , 4 ,,,,,,,,
,DMM,2024,International,Nov,Departure,Bagdad, -   , 1 ,,,,,,,,
,DMM,2024,International,Jan,Arrival ,Bahrain," 13,750 ", 124 ,,,,,,,,
,DMM,2024,International,Feb,Arrival ,Bahrain," 11,343 ", 115 ,,,,,,,,
,DMM,2024,International,Mar,Arrival ,Bahrain," 10,324 ", 123 ,,,,,,,,
,DMM,2024,International,Apr,Arrival ,Bahrain," 8,864 ", 120 ,,,,,,,,
,DMM,2024,International,May,Arrival ,Bahrain," 9,149 ", 124 ,,,,,,,,
,DMM,2024,International,Jun,Arrival ,Bahrain," 8,534 ", 120 ,,,,,,,,
,DMM,2024,International,Jul,Arrival ,Bahrain," 10,884 ", 122 ,,,,,,,,
,DMM,2024,International,Aug,Arrival ,Bahrain," 10,451 ", 121 ,,,,,,,,
,DMM,2024,International,Sep,Arrival ,Bahrain," 10,008 ", 120 ,,,,,,,,
,DMM,2024,International,Oct,Arrival ,Bahrain," 8,598 ", 121 ,,,,,,,,
,DMM,2024,International,Nov,Arrival ,Bahrain," 9,556 ", 120 ,,,,,,,,
,DMM,2024,International,Dec,Arrival ,Bahrain," 8,486 ", 123 ,,,,,,,,
,DMM,2024,International,Jan,Departure,Bahrain," 7,614 ", 99 ,,,,,,,,
,DMM,2024,International,Feb,Departure,Bahrain," 9,458 ", 115 ,,,,,,,,
,DMM,2024,International,Mar,Departure,Bahrain," 8,366 ", 124 ,,,,,,,,
,DMM,2024,International,Apr,Departure,Bahrain," 8,426 ", 120 ,,,,,,,,
,DMM,2024,International,May,Departure,Bahrain," 8,561 ", 125 ,,,,,,,,
,DMM,2024,International,Jun,Departure,Bahrain," 12,110 ", 120 ,,,,,,,,
,DMM,2024,International,Jul,Departure,Bahrain," 7,115 ", 122 ,,,,,,,,
,DMM,2024,International,Aug,Departure,Bahrain," 6,798 ", 121 ,,,,,,,,
,DMM,2024,International,Sep,Departure,Bahrain," 6,652 ", 120 ,,,,,,,,
,DMM,2024,International,Oct,Departure,Bahrain," 6,507 ", 121 ,,,,,,,,
,DMM,2024,International,Nov,Departure,Bahrain," 6,325 ", 120 ,,,,,,,,
,DMM,2024,International,Dec,Departure,Bahrain," 5,896 ", 124 ,,,,,,,,
,DMM,2024,International,Jan,Arrival ,Baku," 1,364 ", 9 ,,,,,,,,
,DMM,2024,International,Feb,Arrival ,Baku," 1,212 ", 9 ,,,,,,,,
,DMM,2024,International,Mar,Arrival ,Baku, 677 , 4 ,,,,,,,,
,DMM,2024,International,Apr,Arrival ,Baku, 954 , 8 ,,,,,,,,
,DMM,2024,International,May,Arrival ,Baku," 1,362 ", 9 ,,,,,,,,
,DMM,2024,International,Jun,Arrival ,Baku," 3,422 ", 31 ,,,,,,,,
,DMM,2024,International,Jul,Arrival ,Baku," 5,235 ", 35 ,,,,,,,,
,DMM,2024,International,Aug,Arrival ,Baku," 4,943 ", 32 ,,,,,,,,
,DMM,2024,International,Sep,Arrival ,Baku," 2,047 ", 13 ,,,,,,,,
,DMM,2024,International,Oct,Arrival ,Baku," 1,820 ", 12 ,,,,,,,,
,DMM,2024,International,Nov,Arrival ,Baku," 1,499 ", 9 ,,,,,,,,
,DMM,2024,International,Dec,Arrival ,Baku," 1,123 ", 9 ,,,,,,,,
,DMM,2024,International,Jan,Departure,Baku, 910 , 7 ,,,,,,,,
,DMM,2024,International,Feb,Departure,Baku," 1,383 ", 9 ,,,,,,,,
,DMM,2024,International,Mar,Departure,Baku, 337 , 4 ,,,,,,,,
,DMM,2024,International,Apr,Departure,Baku," 1,266 ", 8 ,,,,,,,,
,DMM,2024,International,May,Departure,Baku," 1,321 ", 8 ,,,,,,,,
,DMM,2024,International,Jun,Departure,Baku," 4,986 ", 32 ,,,,,,,,
,DMM,2024,International,Jul,Departure,Baku," 5,710 ", 35 ,,,,,,,,
,DMM,2024,International,Aug,Departure,Baku," 3,278 ", 31 ,,,,,,,,
,DMM,2024,International,Sep,Departure,Baku," 1,838 ", 13 ,,,,,,,,
,DMM,2024,International,Oct,Departure,Baku," 1,711 ", 13 ,,,,,,,,
,DMM,2024,International,Nov,Departure,Baku," 1,410 ", 9 ,,,,,,,,
,DMM,2024,International,Dec,Departure,Baku," 1,138 ", 9 ,,,,,,,,
,DMM,2024,International,Jan,Arrival ,Beirut," 1,623 ", 12 ,,,,,,,,
,DMM,2024,International,Feb,Arrival ,Beirut," 1,097 ", 9 ,,,,,,,,
,DMM,2024,International,Mar,Arrival ,Beirut, 923 , 10 ,,,,,,,,
,DMM,2024,International,Apr,Arrival ,Beirut," 1,569 ", 15 ,,,,,,,,
,DMM,2024,International,May,Arrival ,Beirut, 957 , 13 ,,,,,,,,
,DMM,2024,International,Jun,Arrival ,Beirut," 1,668 ", 23 ,,,,,,,,
,DMM,2024,International,Jul,Arrival ,Beirut," 1,958 ", 17 ,,,,,,,,
,DMM,2024,International,Aug,Arrival ,Beirut," 2,297 ", 18 ,,,,,,,,
,DMM,2024,International,Sep,Arrival ,Beirut," 1,475 ", 14 ,,,,,,,,
,DMM,2024,International,Oct,Arrival ,Beirut," 1,239 ", 12 ,,,,,,,,
,DMM,2024,International,Nov,Arrival ,Beirut, 407 , 8 ,,,,,,,,
,DMM,2024,International,Dec,Arrival ,Beirut, 973 , 16 ,,,,,,,,
,DMM,2024,International,Jan,Departure,Beirut, 600 , 7 ,,,,,,,,
,DMM,2024,International,Feb,Departure,Beirut," 1,104 ", 9 ,,,,,,,,
,DMM,2024,International,Mar,Departure,Beirut," 1,076 ", 10 ,,,,,,,,
,DMM,2024,International,Apr,Departure,Beirut," 1,508 ", 15 ,,,,,,,,
,DMM,2024,International,May,Departure,Beirut," 1,237 ", 13 ,,,,,,,,
,DMM,2024,International,Jun,Departure,Beirut," 2,693 ", 23 ,,,,,,,,
,DMM,2024,International,Jul,Departure,Beirut," 1,696 ", 17 ,,,,,,,,
,DMM,2024,International,Aug,Departure,Beirut," 1,044 ", 17 ,,,,,,,,
,DMM,2024,International,Sep,Departure,Beirut," 1,082 ", 16 ,,,,,,,,
,DMM,2024,International,Oct,Departure,Beirut, 329 , 12 ,,,,,,,,
,DMM,2024,International,Nov,Departure,Beirut, 547 , 8 ,,,,,,,,
,DMM,2024,International,Dec,Departure,Beirut," 2,379 ", 16 ,,,,,,,,
,DMM,2024,International,Jan,Arrival ,Mumbai," 14,605 ", 82 ,,,,,,,,
,DMM,2024,International,Feb,Arrival ,Mumbai," 15,885 ", 95 ,,,,,,,,
,DMM,2024,International,Mar,Arrival ,Mumbai," 17,171 ", 103 ,,,,,,,,
,DMM,2024,International,Apr,Arrival ,Mumbai," 16,372 ", 98 ,,,,,,,,
,DMM,2024,International,May,Arrival ,Mumbai," 16,919 ", 102 ,,,,,,,,
,DMM,2024,International,Jun,Arrival ,Mumbai," 12,608 ", 96 ,,,,,,,,
,DMM,2024,International,Jul,Arrival ,Mumbai," 16,260 ", 102 ,,,,,,,,
,DMM,2024,International,Aug,Arrival ,Mumbai," 17,382 ", 102 ,,,,,,,,
,DMM,2024,International,Sep,Arrival ,Mumbai," 16,795 ", 98 ,,,,,,,,
,DMM,2024,International,Oct,Arrival ,Mumbai," 15,521 ", 100 ,,,,,,,,
,DMM,2024,International,Nov,Arrival ,Mumbai," 14,041 ", 88 ,,,,,,,,
,DMM,2024,International,Dec,Arrival ,Mumbai," 16,193 ", 101 ,,,,,,,,
,DMM,2024,International,Jan,Departure,Mumbai," 9,184 ", 68 ,,,,,,,,
,DMM,2024,International,Feb,Departure,Mumbai," 12,200 ", 95 ,,,,,,,,
,DMM,2024,International,Mar,Departure,Mumbai," 12,469 ", 102 ,,,,,,,,
,DMM,2024,International,Apr,Departure,Mumbai," 12,268 ", 97 ,,,,,,,,
,DMM,2024,International,May,Departure,Mumbai," 14,285 ", 102 ,,,,,,,,
,DMM,2024,International,Jun,Departure,Mumbai," 17,655 ", 97 ,,,,,,,,
,DMM,2024,International,Jul,Departure,Mumbai," 15,980 ", 102 ,,,,,,,,
,DMM,2024,International,Aug,Departure,Mumbai," 9,601 ", 104 ,,,,,,,,
,DMM,2024,International,Sep,Departure,Mumbai," 8,261 ", 97 ,,,,,,,,
,DMM,2024,International,Oct,Departure,Mumbai," 12,132 ", 100 ,,,,,,,,
,DMM,2024,International,Nov,Departure,Mumbai," 12,026 ", 87 ,,,,,,,,
,DMM,2024,International,Dec,Departure,Mumbai," 14,295 ", 101 ,,,,,,,,
,DMM,2024,International,Jan,Arrival ,Cairo," 31,371 ", 193 ,,,,,,,,
,DMM,2024,International,Feb,Arrival ,Cairo," 28,902 ", 199 ,,,,,,,,
,DMM,2024,International,Mar,Arrival ,Cairo," 25,312 ", 199 ,,,,,,,,
,DMM,2024,International,Apr,Arrival ,Cairo," 30,887 ", 229 ,,,,,,,,
,DMM,2024,International,May,Arrival ,Cairo," 35,491 ", 215 ,,,,,,,,
,DMM,2024,International,Jun,Arrival ,Cairo," 33,296 ", 251 ,,,,,,,,
,DMM,2024,International,Jul,Arrival ,Cairo," 43,687 ", 258 ,,,,,,,,
,DMM,2024,International,Aug,Arrival ,Cairo," 46,617 ", 251 ,,,,,,,,
,DMM,2024,International,Sep,Arrival ,Cairo," 34,047 ", 196 ,,,,,,,,
,DMM,2024,International,Oct,Arrival ,Cairo," 29,041 ", 175 ,,,,,,,,
,DMM,2024,International,Nov,Arrival ,Cairo," 30,201 ", 187 ,,,,,,,,
,DMM,2024,International,Dec,Arrival ,Cairo," 28,137 ", 179 ,,,,,,,,
,DMM,2024,International,Jan,Departure,Cairo," 18,448 ", 152 ,,,,,,,,
,DMM,2024,International,Feb,Departure,Cairo," 29,538 ", 200 ,,,,,,,,
,DMM,2024,International,Mar,Departure,Cairo," 25,945 ", 199 ,,,,,,,,
,DMM,2024,International,Apr,Departure,Cairo," 34,072 ", 229 ,,,,,,,,
,DMM,2024,International,May,Departure,Cairo," 33,434 ", 214 ,,,,,,,,
,DMM,2024,International,Jun,Departure,Cairo," 45,499 ", 252 ,,,,,,,,
,DMM,2024,International,Jul,Departure,Cairo," 42,062 ", 256 ,,,,,,,,
,DMM,2024,International,Aug,Departure,Cairo," 33,797 ", 252 ,,,,,,,,
,DMM,2024,International,Sep,Departure,Cairo," 31,203 ", 195 ,,,,,,,,
,DMM,2024,International,Oct,Departure,Cairo," 25,424 ", 176 ,,,,,,,,
,DMM,2024,International,Nov,Departure,Cairo," 26,406 ", 186 ,,,,,,,,
,DMM,2024,International,Dec,Departure,Cairo," 25,728 ", 180 ,,,,,,,,
,DMM,2024,International,Jan,Arrival ,Calicut," 5,604 ", 30 ,,,,,,,,
,DMM,2024,International,Feb,Arrival ,Calicut," 5,342 ", 29 ,,,,,,,,
,DMM,2024,International,Mar,Arrival ,Calicut," 6,992 ", 42 ,,,,,,,,
,DMM,2024,International,Apr,Arrival ,Calicut," 10,199 ", 60 ,,,,,,,,
,DMM,2024,International,May,Arrival ,Calicut," 8,233 ", 57 ,,,,,,,,
,DMM,2024,International,Jun,Arrival ,Calicut," 5,066 ", 52 ,,,,,,,,
,DMM,2024,International,Jul,Arrival ,Calicut," 8,793 ", 62 ,,,,,,,,
,DMM,2024,International,Aug,Arrival ,Calicut," 9,550 ", 61 ,,,,,,,,
,DMM,2024,International,Sep,Arrival ,Calicut," 10,055 ", 59 ,,,,,,,,
,DMM,2024,International,Oct,Arrival ,Calicut," 7,961 ", 51 ,,,,,,,,
,DMM,2024,International,Nov,Arrival ,Calicut," 7,858 ", 44 ,,,,,,,,
,DMM,2024,International,Dec,Arrival ,Calicut," 9,150 ", 62 ,,,,,,,,
,DMM,2024,International,Jan,Departure,Calicut," 3,536 ", 24 ,,,,,,,,
,DMM,2024,International,Feb,Departure,Calicut," 3,674 ", 29 ,,,,,,,,
,DMM,2024,International,Mar,Departure,Calicut," 4,309 ", 41 ,,,,,,,,
,DMM,2024,International,Apr,Departure,Calicut," 7,718 ", 60 ,,,,,,,,
,DMM,2024,International,May,Departure,Calicut," 9,636 ", 57 ,,,,,,,,
,DMM,2024,International,Jun,Departure,Calicut," 8,679 ", 53 ,,,,,,,,
,DMM,2024,International,Jul,Departure,Calicut," 9,363 ", 60 ,,,,,,,,
,DMM,2024,International,Aug,Departure,Calicut," 6,085 ", 61 ,,,,,,,,
,DMM,2024,International,Sep,Departure,Calicut," 5,906 ", 60 ,,,,,,,,
,DMM,2024,International,Oct,Departure,Calicut," 5,598 ", 51 ,,,,,,,,
,DMM,2024,International,Nov,Departure,Calicut," 6,527 ", 44 ,,,,,,,,
,DMM,2024,International,Dec,Departure,Calicut," 11,352 ", 62 ,,,,,,,,
,DMM,2024,International,Jan,Arrival ,kochi, 900 , 5 ,,,,,,,,
,DMM,2024,International,Feb,Arrival ,kochi, 748 , 4 ,,,,,,,,
,DMM,2024,International,Mar,Arrival ,kochi, 732 , 4 ,,,,,,,,
,DMM,2024,International,Apr,Arrival ,kochi," 1,713 ", 10 ,,,,,,,,
,DMM,2024,International,May,Arrival ,kochi," 1,988 ", 14 ,,,,,,,,
,DMM,2024,International,Jun,Arrival ,kochi," 3,797 ", 51 ,,,,,,,,
,DMM,2024,International,Jul,Arrival ,kochi," 6,566 ", 54 ,,,,,,,,
,DMM,2024,International,Aug,Arrival ,kochi," 7,871 ", 52 ,,,,,,,,
,DMM,2024,International,Sep,Arrival ,kochi," 7,824 ", 47 ,,,,,,,,
,DMM,2024,International,Oct,Arrival ,kochi," 2,724 ", 20 ,,,,,,,,
,DMM,2024,International,Nov,Arrival ,kochi," 1,914 ", 14 ,,,,,,,,
,DMM,2024,International,Dec,Arrival ,kochi," 2,569 ", 23 ,,,,,,,,
,DMM,2024,International,Jan,Departure,kochi, 664 , 4 ,,,,,,,,
,DMM,2024,International,Feb,Departure,kochi, 623 , 4 ,,,,,,,,
,DMM,2024,International,Mar,Departure,kochi, 686 , 4 ,,,,,,,,
,DMM,2024,International,Apr,Departure,kochi," 1,205 ", 10 ,,,,,,,,
,DMM,2024,International,May,Departure,kochi," 2,224 ", 14 ,,,,,,,,
,DMM,2024,International,Jun,Departure,kochi," 7,982 ", 51 ,,,,,,,,
,DMM,2024,International,Jul,Departure,kochi," 8,172 ", 54 ,,,,,,,,
,DMM,2024,International,Aug,Departure,kochi," 5,026 ", 52 ,,,,,,,,
,DMM,2024,International,Sep,Departure,kochi," 4,017 ", 47 ,,,,,,,,
,DMM,2024,International,Oct,Departure,kochi," 1,583 ", 20 ,,,,,,,,
,DMM,2024,International,Nov,Departure,kochi," 1,358 ", 14 ,,,,,,,,
,DMM,2024,International,Dec,Departure,kochi," 3,027 ", 23 ,,,,,,,,
,DMM,2024,International,Jan,Arrival ,Colombo," 3,407 ", 27 ,,,,,,,,
,DMM,2024,International,Feb,Arrival ,Colombo," 2,065 ", 16 ,,,,,,,,
,DMM,2024,International,Mar,Arrival ,Colombo," 2,530 ", 18 ,,,,,,,,
,DMM,2024,International,Apr,Arrival ,Colombo," 2,529 ", 16 ,,,,,,,,
,DMM,2024,International,May,Arrival ,Colombo," 2,802 ", 18 ,,,,,,,,
,DMM,2024,International,Jun,Arrival ,Colombo," 2,123 ", 21 ,,,,,,,,
,DMM,2024,International,Jul,Arrival ,Colombo," 2,904 ", 21 ,,,,,,,,
,DMM,2024,International,Aug,Arrival ,Colombo," 3,856 ", 23 ,,,,,,,,
,DMM,2024,International,Sep,Arrival ,Colombo," 3,677 ", 22 ,,,,,,,,
,DMM,2024,International,Oct,Arrival ,Colombo," 2,654 ", 21 ,,,,,,,,
,DMM,2024,International,Nov,Arrival ,Colombo," 2,539 ", 20 ,,,,,,,,
,DMM,2024,International,Dec,Arrival ,Colombo," 2,327 ", 21 ,,,,,,,,
,DMM,2024,International,Jan,Departure,Colombo," 2,946 ", 22 ,,,,,,,,
,DMM,2024,International,Feb,Departure,Colombo," 2,084 ", 16 ,,,,,,,,
,DMM,2024,International,Mar,Departure,Colombo," 2,486 ", 18 ,,,,,,,,
,DMM,2024,International,Apr,Departure,Colombo," 2,482 ", 16 ,,,,,,,,
,DMM,2024,International,May,Departure,Colombo," 3,127 ", 18 ,,,,,,,,
,DMM,2024,International,Jun,Departure,Colombo," 3,526 ", 21 ,,,,,,,,
,DMM,2024,International,Jul,Departure,Colombo," 3,426 ", 21 ,,,,,,,,
,DMM,2024,International,Aug,Departure,Colombo," 2,940 ", 23 ,,,,,,,,
,DMM,2024,International,Sep,Departure,Colombo," 2,526 ", 21 ,,,,,,,,
,DMM,2024,International,Oct,Departure,Colombo," 2,704 ", 22 ,,,,,,,,
,DMM,2024,International,Nov,Departure,Colombo," 2,507 ", 20 ,,,,,,,,
,DMM,2024,International,Dec,Departure,Colombo," 3,025 ", 21 ,,,,,,,,
,DMM,2024,International,Jan,Arrival ,Delhi," 9,389 ", 55 ,,,,,,,,
,DMM,2024,International,Feb,Arrival ,Delhi," 9,697 ", 55 ,,,,,,,,
,DMM,2024,International,Mar,Arrival ,Delhi," 10,255 ", 58 ,,,,,,,,
,DMM,2024,International,Apr,Arrival ,Delhi," 9,572 ", 55 ,,,,,,,,
,DMM,2024,International,May,Arrival ,Delhi," 9,902 ", 57 ,,,,,,,,
,DMM,2024,International,Jun,Arrival ,Delhi," 8,960 ", 57 ,,,,,,,,
,DMM,2024,International,Jul,Arrival ,Delhi," 9,616 ", 56 ,,,,,,,,
,DMM,2024,International,Aug,Arrival ,Delhi," 10,133 ", 58 ,,,,,,,,
,DMM,2024,International,Sep,Arrival ,Delhi," 9,582 ", 59 ,,,,,,,,
,DMM,2024,International,Oct,Arrival ,Delhi," 9,346 ", 62 ,,,,,,,,
,DMM,2024,International,Nov,Arrival ,Delhi," 10,705 ", 60 ,,,,,,,,
,DMM,2024,International,Dec,Arrival ,Delhi," 11,977 ", 62 ,,,,,,,,
,DMM,2024,International,Jan,Departure,Delhi," 7,491 ", 43 ,,,,,,,,
,DMM,2024,International,Feb,Departure,Delhi," 9,222 ", 54 ,,,,,,,,
,DMM,2024,International,Mar,Departure,Delhi," 9,705 ", 58 ,,,,,,,,
,DMM,2024,International,Apr,Departure,Delhi," 9,208 ", 56 ,,,,,,,,
,DMM,2024,International,May,Departure,Delhi," 10,037 ", 57 ,,,,,,,,
,DMM,2024,International,Jun,Departure,Delhi," 10,090 ", 56 ,,,,,,,,
,DMM,2024,International,Jul,Departure,Delhi," 9,922 ", 57 ,,,,,,,,
,DMM,2024,International,Aug,Departure,Delhi," 8,254 ", 58 ,,,,,,,,
,DMM,2024,International,Sep,Departure,Delhi," 7,166 ", 58 ,,,,,,,,
,DMM,2024,International,Oct,Departure,Delhi," 9,176 ", 62 ,,,,,,,,
,DMM,2024,International,Nov,Departure,Delhi," 10,521 ", 60 ,,,,,,,,
,DMM,2024,International,Dec,Departure,Delhi," 11,074 ", 62 ,,,,,,,,
,DMM,2024,International,Jan,Arrival ,Dhaka," 5,920 ", 22 ,,,,,,,,
,DMM,2024,International,Feb,Arrival ,Dhaka," 5,892 ", 21 ,,,,,,,,
,DMM,2024,International,Mar,Arrival ,Dhaka," 6,717 ", 22 ,,,,,,,,
,DMM,2024,International,Apr,Arrival ,Dhaka," 6,606 ", 26 ,,,,,,,,
,DMM,2024,International,May,Arrival ,Dhaka," 5,611 ", 21 ,,,,,,,,
,DMM,2024,International,Jun,Arrival ,Dhaka," 5,757 ", 21 ,,,,,,,,
,DMM,2024,International,Jul,Arrival ,Dhaka," 6,591 ", 22 ,,,,,,,,
,DMM,2024,International,Aug,Arrival ,Dhaka," 7,335 ", 25 ,,,,,,,,
,DMM,2024,International,Sep,Arrival ,Dhaka," 6,759 ", 25 ,,,,,,,,
,DMM,2024,International,Oct,Arrival ,Dhaka," 7,512 ", 26 ,,,,,,,,
,DMM,2024,International,Nov,Arrival ,Dhaka," 6,931 ", 25 ,,,,,,,,
,DMM,2024,International,Dec,Arrival ,Dhaka," 7,100 ", 26 ,,,,,,,,
,DMM,2024,International,Jan,Departure,Dhaka," 4,625 ", 17 ,,,,,,,,
,DMM,2024,International,Feb,Departure,Dhaka," 5,775 ", 21 ,,,,,,,,
,DMM,2024,International,Mar,Departure,Dhaka," 6,032 ", 22 ,,,,,,,,
,DMM,2024,International,Apr,Departure,Dhaka," 7,205 ", 26 ,,,,,,,,
,DMM,2024,International,May,Departure,Dhaka," 5,862 ", 21 ,,,,,,,,
,DMM,2024,International,Jun,Departure,Dhaka," 5,964 ", 21 ,,,,,,,,
,DMM,2024,International,Jul,Departure,Dhaka," 5,873 ", 22 ,,,,,,,,
,DMM,2024,International,Aug,Departure,Dhaka," 6,485 ", 25 ,,,,,,,,
,DMM,2024,International,Sep,Departure,Dhaka," 5,947 ", 25 ,,,,,,,,
,DMM,2024,International,Oct,Departure,Dhaka," 6,891 ", 26 ,,,,,,,,
,DMM,2024,International,Nov,Departure,Dhaka," 6,623 ", 25 ,,,,,,,,
,DMM,2024,International,Dec,Departure,Dhaka," 7,026 ", 26 ,,,,,,,,
,DMM,2024,International,Jan,Arrival ,Doha," 17,850 ", 157 ,,,,,,,,
,DMM,2024,International,Feb,Arrival ,Doha," 14,631 ", 145 ,,,,,,,,
,DMM,2024,International,Mar,Arrival ,Doha," 13,454 ", 124 ,,,,,,,,
,DMM,2024,International,Apr,Arrival ,Doha," 15,529 ", 120 ,,,,,,,,
,DMM,2024,International,May,Arrival ,Doha," 17,388 ", 124 ,,,,,,,,
,DMM,2024,International,Jun,Arrival ,Doha," 18,642 ", 120 ,,,,,,,,
,DMM,2024,International,Jul,Arrival ,Doha," 23,947 ", 124 ,,,,,,,,
,DMM,2024,International,Aug,Arrival ,Doha," 24,815 ", 124 ,,,,,,,,
,DMM,2024,International,Sep,Arrival ,Doha," 17,555 ", 120 ,,,,,,,,
,DMM,2024,International,Oct,Arrival ,Doha," 16,089 ", 123 ,,,,,,,,
,DMM,2024,International,Nov,Arrival ,Doha," 17,138 ", 120 ,,,,,,,,
,DMM,2024,International,Dec,Arrival ,Doha," 18,509 ", 124 ,,,,,,,,
,DMM,2024,International,Jan,Departure,Doha," 12,314 ", 127 ,,,,,,,,
,DMM,2024,International,Feb,Departure,Doha," 15,502 ", 145 ,,,,,,,,
,DMM,2024,International,Mar,Departure,Doha," 12,071 ", 125 ,,,,,,,,
,DMM,2024,International,Apr,Departure,Doha," 19,169 ", 120 ,,,,,,,,
,DMM,2024,International,May,Departure,Doha," 19,047 ", 124 ,,,,,,,,
,DMM,2024,International,Jun,Departure,Doha," 25,988 ", 120 ,,,,,,,,
,DMM,2024,International,Jul,Departure,Doha," 25,662 ", 124 ,,,,,,,,
,DMM,2024,International,Aug,Departure,Doha," 19,032 ", 124 ,,,,,,,,
,DMM,2024,International,Sep,Departure,Doha," 17,812 ", 120 ,,,,,,,,
,DMM,2024,International,Oct,Departure,Doha," 15,019 ", 124 ,,,,,,,,
,DMM,2024,International,Nov,Departure,Doha," 17,231 ", 120 ,,,,,,,,
,DMM,2024,International,Dec,Departure,Doha," 17,612 ", 124 ,,,,,,,,
,DMM,2024,International,Jan,Arrival ,Dubai," 38,309 ", 251 ,,,,,,,,
,DMM,2024,International,Feb,Arrival ,Dubai," 32,255 ", 236 ,,,,,,,,
,DMM,2024,International,Mar,Arrival ,Dubai," 28,589 ", 185 ,,,,,,,,
,DMM,2024,International,Apr,Arrival ,Dubai," 24,143 ", 215 ,,,,,,,,
,DMM,2024,International,May,Arrival ,Dubai," 32,128 ", 252 ,,,,,,,,
,DMM,2024,International,Jun,Arrival ,Dubai," 30,328 ", 246 ,,,,,,,,
,DMM,2024,International,Jul,Arrival ,Dubai," 39,834 ", 252 ,,,,,,,,
,DMM,2024,International,Aug,Arrival ,Dubai," 39,707 ", 253 ,,,,,,,,
,DMM,2024,International,Sep,Arrival ,Dubai," 34,007 ", 246 ,,,,,,,,
,DMM,2024,International,Oct,Arrival ,Dubai," 31,019 ", 246 ,,,,,,,,
,DMM,2024,International,Nov,Arrival ,Dubai," 42,927 ", 244 ,,,,,,,,
,DMM,2024,International,Dec,Arrival ,Dubai," 35,955 ", 252 ,,,,,,,,
,DMM,2024,International,Jan,Departure,Dubai," 27,862 ", 199 ,,,,,,,,
,DMM,2024,International,Feb,Departure,Dubai," 34,690 ", 236 ,,,,,,,,
,DMM,2024,International,Mar,Departure,Dubai," 22,401 ", 185 ,,,,,,,,
,DMM,2024,International,Apr,Departure,Dubai," 31,136 ", 217 ,,,,,,,,
,DMM,2024,International,May,Departure,Dubai," 34,480 ", 252 ,,,,,,,,
,DMM,2024,International,Jun,Departure,Dubai," 49,592 ", 246 ,,,,,,,,
,DMM,2024,International,Jul,Departure,Dubai," 36,290 ", 252 ,,,,,,,,
,DMM,2024,International,Aug,Departure,Dubai," 30,918 ", 253 ,,,,,,,,
,DMM,2024,International,Sep,Departure,Dubai," 30,542 ", 245 ,,,,,,,,
,DMM,2024,International,Oct,Departure,Dubai," 30,649 ", 247 ,,,,,,,,
,DMM,2024,International,Nov,Departure,Dubai," 37,195 ", 244 ,,,,,,,,
,DMM,2024,International,Dec,Departure,Dubai," 36,228 ", 252 ,,,,,,,,
,DMM,2024,International,Jan,Arrival ,Frankfurt, 882 , 20 ,,,,,,,,
,DMM,2024,International,Feb,Arrival ,Frankfurt, 765 , 19 ,,,,,,,,
,DMM,2024,International,Mar,Arrival ,Frankfurt, 665 , 19 ,,,,,,,,
,DMM,2024,International,Apr,Arrival ,Frankfurt," 1,073 ", 21 ,,,,,,,,
,DMM,2024,International,May,Arrival ,Frankfurt, 970 , 21 ,,,,,,,,
,DMM,2024,International,Jun,Arrival ,Frankfurt, 952 , 21 ,,,,,,,,
,DMM,2024,International,Jul,Arrival ,Frankfurt," 1,338 ", 22 ,,,,,,,,
,DMM,2024,International,Aug,Arrival ,Frankfurt, 732 , 14 ,,,,,,,,
,DMM,2024,International,Sep,Arrival ,Frankfurt, 371 , 15 ,,,,,,,,
,DMM,2024,International,Oct,Arrival ,Frankfurt, 863 , 31 ,,,,,,,,
,DMM,2024,International,Nov,Arrival ,Frankfurt, 952 , 30 ,,,,,,,,
,DMM,2024,International,Dec,Arrival ,Frankfurt," 1,363 ", 30 ,,,,,,,,
,DMM,2024,International,Jan,Departure,Frankfurt, 516 , 15 ,,,,,,,,
,DMM,2024,International,Feb,Departure,Frankfurt, 772 , 19 ,,,,,,,,
,DMM,2024,International,Mar,Departure,Frankfurt, 676 , 19 ,,,,,,,,
,DMM,2024,International,Apr,Departure,Frankfurt," 1,533 ", 22 ,,,,,,,,
,DMM,2024,International,May,Departure,Frankfurt," 1,019 ", 21 ,,,,,,,,
,DMM,2024,International,Jun,Departure,Frankfurt," 1,669 ", 20 ,,,,,,,,
,DMM,2024,International,Jul,Departure,Frankfurt," 1,171 ", 23 ,,,,,,,,
,DMM,2024,International,Aug,Departure,Frankfurt, 627 , 14 ,,,,,,,,
,DMM,2024,International,Sep,Departure,Frankfurt, 318 , 14 ,,,,,,,,
,DMM,2024,International,Oct,Departure,Frankfurt, 759 , 31 ,,,,,,,,
,DMM,2024,International,Nov,Departure,Frankfurt," 1,192 ", 30 ,,,,,,,,
,DMM,2024,International,Dec,Departure,Frankfurt," 1,112 ", 30 ,,,,,,,,
,DMM,2024,International,Jan,Arrival ,Hyderabad," 3,614 ", 25 ,,,,,,,,
,DMM,2024,International,Feb,Arrival ,Hyderabad," 7,744 ", 57 ,,,,,,,,
,DMM,2024,International,Mar,Arrival ,Hyderabad," 9,219 ", 55 ,,,,,,,,
,DMM,2024,International,Apr,Arrival ,Hyderabad," 9,166 ", 56 ,,,,,,,,
,DMM,2024,International,May,Arrival ,Hyderabad," 8,442 ", 55 ,,,,,,,,
,DMM,2024,International,Jun,Arrival ,Hyderabad," 5,859 ", 56 ,,,,,,,,
,DMM,2024,International,Jul,Arrival ,Hyderabad," 8,137 ", 57 ,,,,,,,,
,DMM,2024,International,Aug,Arrival ,Hyderabad," 9,494 ", 58 ,,,,,,,,
,DMM,2024,International,Sep,Arrival ,Hyderabad," 8,919 ", 56 ,,,,,,,,
,DMM,2024,International,Oct,Arrival ,Hyderabad," 7,614 ", 56 ,,,,,,,,
,DMM,2024,International,Nov,Arrival ,Hyderabad," 8,464 ", 47 ,,,,,,,,
,DMM,2024,International,Dec,Arrival ,Hyderabad," 6,787 ", 31 ,,,,,,,,
,DMM,2024,International,Jan,Departure,Hyderabad," 2,289 ", 26 ,,,,,,,,
,DMM,2024,International,Feb,Departure,Hyderabad," 6,095 ", 57 ,,,,,,,,
,DMM,2024,International,Mar,Departure,Hyderabad," 7,142 ", 56 ,,,,,,,,
,DMM,2024,International,Apr,Departure,Hyderabad," 7,060 ", 56 ,,,,,,,,
,DMM,2024,International,May,Departure,Hyderabad," 7,932 ", 56 ,,,,,,,,
,DMM,2024,International,Jun,Departure,Hyderabad," 9,321 ", 56 ,,,,,,,,
,DMM,2024,International,Jul,Departure,Hyderabad," 9,250 ", 57 ,,,,,,,,
,DMM,2024,International,Aug,Departure,Hyderabad," 6,174 ", 57 ,,,,,,,,
,DMM,2024,International,Sep,Departure,Hyderabad," 6,020 ", 56 ,,,,,,,,
,DMM,2024,International,Oct,Departure,Hyderabad," 8,256 ", 56 ,,,,,,,,
,DMM,2024,International,Nov,Departure,Hyderabad," 8,060 ", 47 ,,,,,,,,
,DMM,2024,International,Dec,Departure,Hyderabad," 6,754 ", 31 ,,,,,,,,
,DMM,2024,International,Jan,Arrival ,Islamabad," 5,654 ", 24 ,,,,,,,,
,DMM,2024,International,Feb,Arrival ,Islamabad," 5,341 ", 21 ,,,,,,,,
,DMM,2024,International,Mar,Arrival ,Islamabad," 4,964 ", 21 ,,,,,,,,
,DMM,2024,International,Apr,Arrival ,Islamabad," 4,872 ", 33 ,,,,,,,,
,DMM,2024,International,May,Arrival ,Islamabad," 4,918 ", 24 ,,,,,,,,
,DMM,2024,International,Jun,Arrival ,Islamabad," 5,410 ", 24 ,,,,,,,,
,DMM,2024,International,Jul,Arrival ,Islamabad," 7,345 ", 31 ,,,,,,,,
,DMM,2024,International,Aug,Arrival ,Islamabad," 6,599 ", 31 ,,,,,,,,
,DMM,2024,International,Sep,Arrival ,Islamabad," 5,901 ", 31 ,,,,,,,,
,DMM,2024,International,Oct,Arrival ,Islamabad," 6,333 ", 30 ,,,,,,,,
,DMM,2024,International,Nov,Arrival ,Islamabad," 5,842 ", 30 ,,,,,,,,
,DMM,2024,International,Dec,Arrival ,Islamabad," 6,429 ", 36 ,,,,,,,,
,DMM,2024,International,Jan,Departure,Islamabad," 4,162 ", 18 ,,,,,,,,
,DMM,2024,International,Feb,Departure,Islamabad," 4,350 ", 20 ,,,,,,,,
,DMM,2024,International,Mar,Departure,Islamabad," 4,527 ", 23 ,,,,,,,,
,DMM,2024,International,Apr,Departure,Islamabad," 5,205 ", 30 ,,,,,,,,
,DMM,2024,International,May,Departure,Islamabad," 4,471 ", 24 ,,,,,,,,
,DMM,2024,International,Jun,Departure,Islamabad," 5,175 ", 25 ,,,,,,,,
,DMM,2024,International,Jul,Departure,Islamabad," 5,091 ", 29 ,,,,,,,,
,DMM,2024,International,Aug,Departure,Islamabad," 5,359 ", 31 ,,,,,,,,
,DMM,2024,International,Sep,Departure,Islamabad," 4,963 ", 31 ,,,,,,,,
,DMM,2024,International,Oct,Departure,Islamabad," 6,025 ", 30 ,,,,,,,,
,DMM,2024,International,Nov,Departure,Islamabad," 5,642 ", 30 ,,,,,,,,
,DMM,2024,International,Dec,Departure,Islamabad," 5,674 ", 35 ,,,,,,,,
,DMM,2024,International,Jan,Arrival ,Istanbul," 12,267 ", 81 ,,,,,,,,
,DMM,2024,International,Feb,Arrival ,Istanbul," 8,578 ", 71 ,,,,,,,,
,DMM,2024,International,Mar,Arrival ,Istanbul," 8,118 ", 68 ,,,,,,,,
,DMM,2024,International,Apr,Arrival ,Istanbul," 9,771 ", 92 ,,,,,,,,
,DMM,2024,International,May,Arrival ,Istanbul," 10,620 ", 84 ,,,,,,,,
,DMM,2024,International,Jun,Arrival ,Istanbul," 13,783 ", 116 ,,,,,,,,
,DMM,2024,International,Jul,Arrival ,Istanbul," 16,208 ", 117 ,,,,,,,,
,DMM,2024,International,Aug,Arrival ,Istanbul," 17,567 ", 99 ,,,,,,,,
,DMM,2024,International,Sep,Arrival ,Istanbul," 8,606 ", 59 ,,,,,,,,
,DMM,2024,International,Oct,Arrival ,Istanbul," 8,268 ", 60 ,,,,,,,,
,DMM,2024,International,Nov,Arrival ,Istanbul," 9,816 ", 67 ,,,,,,,,
,DMM,2024,International,Dec,Arrival ,Istanbul," 10,509 ", 68 ,,,,,,,,
,DMM,2024,International,Jan,Departure,Istanbul," 6,574 ", 60 ,,,,,,,,
,DMM,2024,International,Feb,Departure,Istanbul," 10,462 ", 71 ,,,,,,,,
,DMM,2024,International,Mar,Departure,Istanbul," 6,301 ", 68 ,,,,,,,,
,DMM,2024,International,Apr,Departure,Istanbul," 12,150 ", 91 ,,,,,,,,
,DMM,2024,International,May,Departure,Istanbul," 11,503 ", 84 ,,,,,,,,
,DMM,2024,International,Jun,Departure,Istanbul," 19,137 ", 116 ,,,,,,,,
,DMM,2024,International,Jul,Departure,Istanbul," 16,031 ", 117 ,,,,,,,,
,DMM,2024,International,Aug,Departure,Istanbul," 9,610 ", 99 ,,,,,,,,
,DMM,2024,International,Sep,Departure,Istanbul," 8,906 ", 59 ,,,,,,,,
,DMM,2024,International,Oct,Departure,Istanbul," 7,521 ", 61 ,,,,,,,,
,DMM,2024,International,Nov,Departure,Istanbul," 9,483 ", 67 ,,,,,,,,
,DMM,2024,International,Dec,Departure,Istanbul," 9,499 ", 68 ,,,,,,,,
,DMM,2024,International,Jan,Arrival ,Karachi," 1,272 ", 9 ,,,,,,,,
,DMM,2024,International,Feb,Arrival ,Karachi," 1,210 ", 9 ,,,,,,,,
,DMM,2024,International,Mar,Arrival ,Karachi," 1,257 ", 8 ,,,,,,,,
,DMM,2024,International,Apr,Arrival ,Karachi, 926 , 8 ,,,,,,,,
,DMM,2024,International,May,Arrival ,Karachi," 1,332 ", 9 ,,,,,,,,
,DMM,2024,International,Jun,Arrival ,Karachi," 1,184 ", 11 ,,,,,,,,
,DMM,2024,International,Jul,Arrival ,Karachi," 1,435 ", 9 ,,,,,,,,
,DMM,2024,International,Aug,Arrival ,Karachi," 1,453 ", 9 ,,,,,,,,
,DMM,2024,International,Sep,Arrival ,Karachi, 674 , 5 ,,,,,,,,
,DMM,2024,International,Oct,Arrival ,Karachi, 754 , 5 ,,,,,,,,
,DMM,2024,International,Nov,Arrival ,Karachi, 928 , 4 ,,,,,,,,
,DMM,2024,International,Dec,Arrival ,Karachi, 620 , 4 ,,,,,,,,
,DMM,2024,International,Jan,Departure,Karachi, 545 , 6 ,,,,,,,,
,DMM,2024,International,Feb,Departure,Karachi, 773 , 8 ,,,,,,,,
,DMM,2024,International,Mar,Departure,Karachi, 743 , 8 ,,,,,,,,
,DMM,2024,International,Apr,Departure,Karachi," 1,185 ", 8 ,,,,,,,,
,DMM,2024,International,May,Departure,Karachi, 948 , 9 ,,,,,,,,
,DMM,2024,International,Jun,Departure,Karachi," 1,503 ", 10 ,,,,,,,,
,DMM,2024,International,Jul,Departure,Karachi, 937 , 9 ,,,,,,,,
,DMM,2024,International,Aug,Departure,Karachi, 915 , 9 ,,,,,,,,
,DMM,2024,International,Sep,Departure,Karachi, 604 , 5 ,,,,,,,,
,DMM,2024,International,Oct,Departure,Karachi, 659 , 4 ,,,,,,,,
,DMM,2024,International,Nov,Departure,Karachi, 772 , 5 ,,,,,,,,
,DMM,2024,International,Dec,Departure,Karachi, 651 , 4 ,,,,,,,,
,DMM,2024,International,Jan,Arrival ,Kathmandu," 4,089 ", 28 ,,,,,,,,
,DMM,2024,International,Feb,Arrival ,Kathmandu," 4,568 ", 30 ,,,,,,,,
,DMM,2024,International,Mar,Arrival ,Kathmandu," 4,650 ", 30 ,,,,,,,,
,DMM,2024,International,Apr,Arrival ,Kathmandu," 4,122 ", 27 ,,,,,,,,
,DMM,2024,International,May,Arrival ,Kathmandu," 4,463 ", 30 ,,,,,,,,
,DMM,2024,International,Jun,Arrival ,Kathmandu," 5,066 ", 34 ,,,,,,,,
,DMM,2024,International,Jul,Arrival ,Kathmandu," 6,062 ", 38 ,,,,,,,,
,DMM,2024,International,Aug,Arrival ,Kathmandu," 6,683 ", 39 ,,,,,,,,
,DMM,2024,International,Sep,Arrival ,Kathmandu," 6,031 ", 38 ,,,,,,,,
,DMM,2024,International,Oct,Arrival ,Kathmandu," 5,443 ", 37 ,,,,,,,,
,DMM,2024,International,Nov,Arrival ,Kathmandu," 7,130 ", 44 ,,,,,,,,
,DMM,2024,International,Dec,Arrival ,Kathmandu," 6,633 ", 42 ,,,,,,,,
,DMM,2024,International,Jan,Departure,Kathmandu," 2,829 ", 21 ,,,,,,,,
,DMM,2024,International,Feb,Departure,Kathmandu," 3,713 ", 30 ,,,,,,,,
,DMM,2024,International,Mar,Departure,Kathmandu," 4,069 ", 30 ,,,,,,,,
,DMM,2024,International,Apr,Departure,Kathmandu," 3,315 ", 27 ,,,,,,,,
,DMM,2024,International,May,Departure,Kathmandu," 3,105 ", 30 ,,,,,,,,
,DMM,2024,International,Jun,Departure,Kathmandu," 4,586 ", 34 ,,,,,,,,
,DMM,2024,International,Jul,Departure,Kathmandu," 4,269 ", 38 ,,,,,,,,
,DMM,2024,International,Aug,Departure,Kathmandu," 3,600 ", 38 ,,,,,,,,
,DMM,2024,International,Sep,Departure,Kathmandu," 5,034 ", 39 ,,,,,,,,
,DMM,2024,International,Oct,Departure,Kathmandu," 5,110 ", 37 ,,,,,,,,
,DMM,2024,International,Nov,Departure,Kathmandu," 4,617 ", 44 ,,,,,,,,
,DMM,2024,International,Dec,Departure,Kathmandu," 4,978 ", 42 ,,,,,,,,
,DMM,2024,International,Jan,Arrival ,Kuwait," 5,943 ", 62 ,,,,,,,,
,DMM,2024,International,Feb,Arrival ,Kuwait," 4,429 ", 51 ,,,,,,,,
,DMM,2024,International,Mar,Arrival ,Kuwait," 3,313 ", 36 ,,,,,,,,
,DMM,2024,International,Apr,Arrival ,Kuwait," 5,045 ", 53 ,,,,,,,,
,DMM,2024,International,May,Arrival ,Kuwait," 5,762 ", 55 ,,,,,,,,
,DMM,2024,International,Jun,Arrival ,Kuwait," 4,642 ", 47 ,,,,,,,,
,DMM,2024,International,Jul,Arrival ,Kuwait," 4,462 ", 40 ,,,,,,,,
,DMM,2024,International,Aug,Arrival ,Kuwait," 4,499 ", 38 ,,,,,,,,
,DMM,2024,International,Sep,Arrival ,Kuwait," 4,437 ", 44 ,,,,,,,,
,DMM,2024,International,Oct,Arrival ,Kuwait," 5,499 ", 48 ,,,,,,,,
,DMM,2024,International,Nov,Arrival ,Kuwait," 5,635 ", 49 ,,,,,,,,
,DMM,2024,International,Dec,Arrival ,Kuwait," 4,623 ", 47 ,,,,,,,,
,DMM,2024,International,Jan,Departure,Kuwait," 5,383 ", 52 ,,,,,,,,
,DMM,2024,International,Feb,Departure,Kuwait," 5,937 ", 52 ,,,,,,,,
,DMM,2024,International,Mar,Departure,Kuwait," 3,760 ", 36 ,,,,,,,,
,DMM,2024,International,Apr,Departure,Kuwait," 6,261 ", 54 ,,,,,,,,
,DMM,2024,International,May,Departure,Kuwait," 5,577 ", 55 ,,,,,,,,
,DMM,2024,International,Jun,Departure,Kuwait," 5,597 ", 47 ,,,,,,,,
,DMM,2024,International,Jul,Departure,Kuwait," 4,431 ", 40 ,,,,,,,,
,DMM,2024,International,Aug,Departure,Kuwait," 4,848 ", 38 ,,,,,,,,
,DMM,2024,International,Sep,Departure,Kuwait," 5,019 ", 43 ,,,,,,,,
,DMM,2024,International,Oct,Departure,Kuwait," 4,584 ", 48 ,,,,,,,,
,DMM,2024,International,Nov,Departure,Kuwait," 5,667 ", 49 ,,,,,,,,
,DMM,2024,International,Dec,Departure,Kuwait," 5,528 ", 47 ,,,,,,,,
,DMM,2024,International,Jan,Arrival ,Lahore," 7,733 ", 37 ,,,,,,,,
,DMM,2024,International,Feb,Arrival ,Lahore," 6,856 ", 33 ,,,,,,,,
,DMM,2024,International,Mar,Arrival ,Lahore," 6,979 ", 35 ,,,,,,,,
,DMM,2024,International,Apr,Arrival ,Lahore," 6,597 ", 35 ,,,,,,,,
,DMM,2024,International,May,Arrival ,Lahore," 7,415 ", 36 ,,,,,,,,
,DMM,2024,International,Jun,Arrival ,Lahore," 7,017 ", 37 ,,,,,,,,
,DMM,2024,International,Jul,Arrival ,Lahore," 7,509 ", 34 ,,,,,,,,
,DMM,2024,International,Aug,Arrival ,Lahore," 7,485 ", 36 ,,,,,,,,
,DMM,2024,International,Sep,Arrival ,Lahore," 5,463 ", 34 ,,,,,,,,
,DMM,2024,International,Oct,Arrival ,Lahore," 6,086 ", 36 ,,,,,,,,
,DMM,2024,International,Nov,Arrival ,Lahore," 7,356 ", 45 ,,,,,,,,
,DMM,2024,International,Dec,Arrival ,Lahore," 8,845 ", 45 ,,,,,,,,
,DMM,2024,International,Jan,Departure,Lahore," 6,200 ", 30 ,,,,,,,,
,DMM,2024,International,Feb,Departure,Lahore," 6,725 ", 33 ,,,,,,,,
,DMM,2024,International,Mar,Departure,Lahore," 5,885 ", 34 ,,,,,,,,
,DMM,2024,International,Apr,Departure,Lahore," 7,115 ", 37 ,,,,,,,,
,DMM,2024,International,May,Departure,Lahore," 6,176 ", 38 ,,,,,,,,
,DMM,2024,International,Jun,Departure,Lahore," 8,014 ", 38 ,,,,,,,,
,DMM,2024,International,Jul,Departure,Lahore," 4,866 ", 36 ,,,,,,,,
,DMM,2024,International,Aug,Departure,Lahore," 5,773 ", 35 ,,,,,,,,
,DMM,2024,International,Sep,Departure,Lahore," 5,103 ", 34 ,,,,,,,,
,DMM,2024,International,Oct,Departure,Lahore," 6,275 ", 36 ,,,,,,,,
,DMM,2024,International,Nov,Departure,Lahore," 7,467 ", 45 ,,,,,,,,
,DMM,2024,International,Dec,Departure,Lahore," 8,449 ", 45 ,,,,,,,,
,DMM,2024,International,Jan,Arrival ,Lucknow," 2,131 ", 13 ,,,,,,,,
,DMM,2024,International,Feb,Arrival ,Lucknow," 1,795 ", 12 ,,,,,,,,
,DMM,2024,International,Mar,Arrival ,Lucknow," 4,191 ", 35 ,,,,,,,,
,DMM,2024,International,Apr,Arrival ,Lucknow," 7,706 ", 60 ,,,,,,,,
,DMM,2024,International,May,Arrival ,Lucknow," 10,662 ", 63 ,,,,,,,,
,DMM,2024,International,Jun,Arrival ,Lucknow," 6,695 ", 60 ,,,,,,,,
,DMM,2024,International,Jul,Arrival ,Lucknow," 9,386 ", 60 ,,,,,,,,
,DMM,2024,International,Aug,Arrival ,Lucknow," 10,304 ", 62 ,,,,,,,,
,DMM,2024,International,Sep,Arrival ,Lucknow," 9,795 ", 61 ,,,,,,,,
,DMM,2024,International,Oct,Arrival ,Lucknow," 7,174 ", 53 ,,,,,,,,
,DMM,2024,International,Nov,Arrival ,Lucknow," 8,174 ", 52 ,,,,,,,,
,DMM,2024,International,Dec,Arrival ,Lucknow," 9,505 ", 58 ,,,,,,,,
,DMM,2024,International,Jan,Departure,Lucknow," 1,608 ", 10 ,,,,,,,,
,DMM,2024,International,Feb,Departure,Lucknow," 1,924 ", 12 ,,,,,,,,
,DMM,2024,International,Mar,Departure,Lucknow," 3,875 ", 34 ,,,,,,,,
,DMM,2024,International,Apr,Departure,Lucknow," 7,475 ", 61 ,,,,,,,,
,DMM,2024,International,May,Departure,Lucknow," 8,026 ", 62 ,,,,,,,,
,DMM,2024,International,Jun,Departure,Lucknow," 10,092 ", 59 ,,,,,,,,
,DMM,2024,International,Jul,Departure,Lucknow," 9,026 ", 61 ,,,,,,,,
,DMM,2024,International,Aug,Departure,Lucknow," 4,538 ", 61 ,,,,,,,,
,DMM,2024,International,Sep,Departure,Lucknow," 4,897 ", 60 ,,,,,,,,
,DMM,2024,International,Oct,Departure,Lucknow," 9,211 ", 56 ,,,,,,,,
,DMM,2024,International,Nov,Departure,Lucknow," 8,390 ", 52 ,,,,,,,,
,DMM,2024,International,Dec,Departure,Lucknow," 8,718 ", 58 ,,,,,,,,
,DMM,2024,International,Jan,Arrival ,Mangalore," 2,577 ", 14 ,,,,,,,,
,DMM,2024,International,Feb,Arrival ,Mangalore," 2,139 ", 12 ,,,,,,,,
,DMM,2024,International,Mar,Arrival ,Mangalore," 2,609 ", 16 ,,,,,,,,
,DMM,2024,International,Apr,Arrival ,Mangalore," 2,615 ", 17 ,,,,,,,,
,DMM,2024,International,May,Arrival ,Mangalore," 2,717 ", 19 ,,,,,,,,
,DMM,2024,International,Jun,Arrival ,Mangalore," 1,400 ", 16 ,,,,,,,,
,DMM,2024,International,Jul,Arrival ,Mangalore," 2,675 ", 19 ,,,,,,,,
,DMM,2024,International,Aug,Arrival ,Mangalore," 2,609 ", 17 ,,,,,,,,
,DMM,2024,International,Sep,Arrival ,Mangalore," 2,653 ", 17 ,,,,,,,,
,DMM,2024,International,Oct,Arrival ,Mangalore," 2,630 ", 17 ,,,,,,,,
,DMM,2024,International,Nov,Arrival ,Mangalore," 2,440 ", 16 ,,,,,,,,
,DMM,2024,International,Dec,Arrival ,Mangalore," 2,618 ", 18 ,,,,,,,,
,DMM,2024,International,Jan,Departure,Mangalore," 1,709 ", 11 ,,,,,,,,
,DMM,2024,International,Feb,Departure,Mangalore," 1,740 ", 12 ,,,,,,,,
,DMM,2024,International,Mar,Departure,Mangalore," 1,800 ", 16 ,,,,,,,,
,DMM,2024,International,Apr,Departure,Mangalore," 2,255 ", 18 ,,,,,,,,
,DMM,2024,International,May,Departure,Mangalore," 2,561 ", 17 ,,,,,,,,
,DMM,2024,International,Jun,Departure,Mangalore," 2,387 ", 15 ,,,,,,,,
,DMM,2024,International,Jul,Departure,Mangalore," 2,473 ", 19 ,,,,,,,,
,DMM,2024,International,Aug,Departure,Mangalore," 1,485 ", 17 ,,,,,,,,
,DMM,2024,International,Sep,Departure,Mangalore," 1,926 ", 17 ,,,,,,,,
,DMM,2024,International,Oct,Departure,Mangalore," 2,186 ", 18 ,,,,,,,,
,DMM,2024,International,Nov,Departure,Mangalore," 1,977 ", 16 ,,,,,,,,
,DMM,2024,International,Dec,Departure,Mangalore," 2,639 ", 18 ,,,,,,,,
,DMM,2024,International,Jan,Arrival ,Manila," 7,012 ", 22 ,,,,,,,,
,DMM,2024,International,Feb,Arrival ,Manila," 4,886 ", 16 ,,,,,,,,
,DMM,2024,International,Mar,Arrival ,Manila," 5,623 ", 18 ,,,,,,,,
,DMM,2024,International,Apr,Arrival ,Manila," 4,762 ", 22 ,,,,,,,,
,DMM,2024,International,May,Arrival ,Manila," 3,593 ", 23 ,,,,,,,,
,DMM,2024,International,Jun,Arrival ,Manila," 6,527 ", 21 ,,,,,,,,
,DMM,2024,International,Jul,Arrival ,Manila," 6,678 ", 22 ,,,,,,,,
,DMM,2024,International,Aug,Arrival ,Manila," 7,618 ", 22 ,,,,,,,,
,DMM,2024,International,Sep,Arrival ,Manila," 5,155 ", 16 ,,,,,,,,
,DMM,2024,International,Oct,Arrival ,Manila," 5,316 ", 17 ,,,,,,,,
,DMM,2024,International,Jan,Departure,Manila," 3,742 ", 18 ,,,,,,,,
,DMM,2024,International,Feb,Departure,Manila," 3,525 ", 16 ,,,,,,,,
,DMM,2024,International,Mar,Departure,Manila," 3,929 ", 18 ,,,,,,,,
,DMM,2024,International,Apr,Departure,Manila," 5,720 ", 22 ,,,,,,,,
,DMM,2024,International,May,Departure,Manila," 7,326 ", 23 ,,,,,,,,
,DMM,2024,International,Jun,Departure,Manila," 6,573 ", 21 ,,,,,,,,
,DMM,2024,International,Jul,Departure,Manila," 7,143 ", 22 ,,,,,,,,
,DMM,2024,International,Aug,Departure,Manila," 5,680 ", 22 ,,,,,,,,
,DMM,2024,International,Sep,Departure,Manila," 2,647 ", 16 ,,,,,,,,
,DMM,2024,International,Oct,Departure,Manila," 2,773 ", 17 ,,,,,,,,
,DMM,2024,International,Jan,Arrival ,Muscat," 14,592 ", 96 ,,,,,,,,
,DMM,2024,International,Feb,Arrival ,Muscat," 12,454 ", 89 ,,,,,,,,
,DMM,2024,International,Mar,Arrival ,Muscat," 12,308 ", 95 ,,,,,,,,
,DMM,2024,International,Apr,Arrival ,Muscat," 9,253 ", 66 ,,,,,,,,
,DMM,2024,International,May,Arrival ,Muscat," 9,930 ", 71 ,,,,,,,,
,DMM,2024,International,Jun,Arrival ,Muscat," 8,295 ", 69 ,,,,,,,,
,DMM,2024,International,Jul,Arrival ,Muscat," 8,993 ", 71 ,,,,,,,,
,DMM,2024,International,Aug,Arrival ,Muscat," 11,063 ", 70 ,,,,,,,,
,DMM,2024,International,Sep,Arrival ,Muscat," 9,988 ", 62 ,,,,,,,,
,DMM,2024,International,Oct,Arrival ,Muscat," 7,537 ", 61 ,,,,,,,,
,DMM,2024,International,Nov,Arrival ,Muscat," 8,772 ", 60 ,,,,,,,,
,DMM,2024,International,Dec,Arrival ,Muscat," 8,173 ", 59 ,,,,,,,,
,DMM,2024,International,Jan,Departure,Muscat," 7,389 ", 76 ,,,,,,,,
,DMM,2024,International,Feb,Departure,Muscat," 8,937 ", 89 ,,,,,,,,
,DMM,2024,International,Mar,Departure,Muscat," 6,579 ", 94 ,,,,,,,,
,DMM,2024,International,Apr,Departure,Muscat," 6,426 ", 66 ,,,,,,,,
,DMM,2024,International,May,Departure,Muscat," 7,209 ", 71 ,,,,,,,,
,DMM,2024,International,Jun,Departure,Muscat," 8,421 ", 69 ,,,,,,,,
,DMM,2024,International,Jul,Departure,Muscat," 7,880 ", 71 ,,,,,,,,
,DMM,2024,International,Aug,Departure,Muscat," 5,561 ", 70 ,,,,,,,,
,DMM,2024,International,Sep,Departure,Muscat," 5,475 ", 62 ,,,,,,,,
,DMM,2024,International,Oct,Departure,Muscat," 5,334 ", 61 ,,,,,,,,
,DMM,2024,International,Nov,Departure,Muscat," 5,631 ", 60 ,,,,,,,,
,DMM,2024,International,Dec,Departure,Muscat," 6,113 ", 59 ,,,,,,,,
,DMM,2024,International,Jan,Arrival ,Najaf," 5,841 ", 46 ,,,,,,,,
,DMM,2024,International,Feb,Arrival ,Najaf," 2,724 ", 23 ,,,,,,,,
,DMM,2024,International,Mar,Arrival ,Najaf," 2,518 ", 20 ,,,,,,,,
,DMM,2024,International,Apr,Arrival ,Najaf," 2,144 ", 14 ,,,,,,,,
,DMM,2024,International,May,Arrival ,Najaf," 1,276 ", 8 ,,,,,,,,
,DMM,2024,International,Jun,Arrival ,Najaf," 4,086 ", 48 ,,,,,,,,
,DMM,2024,International,Jul,Arrival ,Najaf," 4,720 ", 35 ,,,,,,,,
,DMM,2024,International,Aug,Arrival ,Najaf," 6,381 ", 55 ,,,,,,,,
,DMM,2024,International,Sep,Arrival ,Najaf," 4,263 ", 32 ,,,,,,,,
,DMM,2024,International,Oct,Arrival ,Najaf," 2,997 ", 32 ,,,,,,,,
,DMM,2024,International,Nov,Arrival ,Najaf," 3,478 ", 23 ,,,,,,,,
,DMM,2024,International,Dec,Arrival ,Najaf," 2,167 ", 18 ,,,,,,,,
,DMM,2024,International,Jan,Departure,Najaf," 4,315 ", 40 ,,,,,,,,
,DMM,2024,International,Feb,Departure,Najaf," 3,528 ", 28 ,,,,,,,,
,DMM,2024,International,Mar,Departure,Najaf," 1,613 ", 21 ,,,,,,,,
,DMM,2024,International,Apr,Departure,Najaf," 1,493 ", 13 ,,,,,,,,
,DMM,2024,International,May,Departure,Najaf," 1,078 ", 8 ,,,,,,,,
,DMM,2024,International,Jun,Departure,Najaf," 7,347 ", 53 ,,,,,,,,
,DMM,2024,International,Jul,Departure,Najaf," 5,156 ", 37 ,,,,,,,,
,DMM,2024,International,Aug,Departure,Najaf," 6,817 ", 52 ,,,,,,,,
,DMM,2024,International,Sep,Departure,Najaf," 2,293 ", 29 ,,,,,,,,
,DMM,2024,International,Oct,Departure,Najaf," 2,397 ", 32 ,,,,,,,,
,DMM,2024,International,Nov,Departure,Najaf," 2,804 ", 24 ,,,,,,,,
,DMM,2024,International,Dec,Departure,Najaf," 2,095 ", 18 ,,,,,,,,
,DMM,2024,International,Jan,Arrival ,Port Sudan, 627 , 5 ,,,,,,,,
,DMM,2024,International,Feb,Arrival ,Port Sudan, 454 , 4 ,,,,,,,,
,DMM,2024,International,Mar,Arrival ,Port Sudan, 372 , 4 ,,,,,,,,
,DMM,2024,International,Apr,Arrival ,Port Sudan, 190 , 2 ,,,,,,,,
,DMM,2024,International,May,Arrival ,Port Sudan, 312 , 3 ,,,,,,,,
,DMM,2024,International,Jun,Arrival ,Port Sudan, 239 , 3 ,,,,,,,,
,DMM,2024,International,Jul,Arrival ,Port Sudan, 232 , 2 ,,,,,,,,
,DMM,2024,International,Aug,Arrival ,Port Sudan, 245 , 2 ,,,,,,,,
,DMM,2024,International,Sep,Arrival ,Port Sudan, 149 , 2 ,,,,,,,,
,DMM,2024,International,Oct,Arrival ,Port Sudan, 247 , 3 ,,,,,,,,
,DMM,2024,International,Nov,Arrival ,Port Sudan, 147 , 2 ,,,,,,,,
,DMM,2024,International,Dec,Arrival ,Port Sudan, 116 , 2 ,,,,,,,,
,DMM,2024,International,Jan,Departure,Port Sudan, 175 , 3 ,,,,,,,,
,DMM,2024,International,Feb,Departure,Port Sudan, 286 , 5 ,,,,,,,,
,DMM,2024,International,Mar,Departure,Port Sudan, 338 , 4 ,,,,,,,,
,DMM,2024,International,Apr,Departure,Port Sudan, 225 , 2 ,,,,,,,,
,DMM,2024,International,May,Departure,Port Sudan, 350 , 3 ,,,,,,,,
,DMM,2024,International,Jun,Departure,Port Sudan, 360 , 3 ,,,,,,,,
,DMM,2024,International,Jul,Departure,Port Sudan, 207 , 2 ,,,,,,,,
,DMM,2024,International,Aug,Departure,Port Sudan, 193 , 2 ,,,,,,,,
,DMM,2024,International,Sep,Departure,Port Sudan, 214 , 2 ,,,,,,,,
,DMM,2024,International,Oct,Departure,Port Sudan, 203 , 2 ,,,,,,,,
,DMM,2024,International,Nov,Departure,Port Sudan, 352 , 3 ,,,,,,,,
,DMM,2024,International,Dec,Departure,Port Sudan, 244 , 2 ,,,,,,,,
,DMM,2024,International,Jan,Arrival ,Sharjah," 13,076 ", 92 ,,,,,,,,
,DMM,2024,International,Feb,Arrival ,Sharjah," 11,432 ", 85 ,,,,,,,,
,DMM,2024,International,Mar,Arrival ,Sharjah," 10,450 ", 80 ,,,,,,,,
,DMM,2024,International,Apr,Arrival ,Sharjah," 10,828 ", 90 ,,,,,,,,
,DMM,2024,International,May,Arrival ,Sharjah," 12,934 ", 99 ,,,,,,,,
,DMM,2024,International,Jun,Arrival ,Sharjah," 10,629 ", 99 ,,,,,,,,
,DMM,2024,International,Jul,Arrival ,Sharjah," 14,576 ", 99 ,,,,,,,,
,DMM,2024,International,Aug,Arrival ,Sharjah," 14,572 ", 99 ,,,,,,,,
,DMM,2024,International,Sep,Arrival ,Sharjah," 12,064 ", 92 ,,,,,,,,
,DMM,2024,International,Oct,Arrival ,Sharjah," 12,962 ", 97 ,,,,,,,,
,DMM,2024,International,Nov,Arrival ,Sharjah," 14,158 ", 89 ,,,,,,,,
,DMM,2024,International,Dec,Arrival ,Sharjah," 15,670 ", 93 ,,,,,,,,
,DMM,2024,International,Jan,Departure,Sharjah," 8,467 ", 74 ,,,,,,,,
,DMM,2024,International,Feb,Departure,Sharjah," 9,328 ", 85 ,,,,,,,,
,DMM,2024,International,Mar,Departure,Sharjah," 7,168 ", 80 ,,,,,,,,
,DMM,2024,International,Apr,Departure,Sharjah," 11,099 ", 90 ,,,,,,,,
,DMM,2024,International,May,Departure,Sharjah," 10,607 ", 99 ,,,,,,,,
,DMM,2024,International,Jun,Departure,Sharjah," 14,549 ", 99 ,,,,,,,,
,DMM,2024,International,Jul,Departure,Sharjah," 11,532 ", 99 ,,,,,,,,
,DMM,2024,International,Aug,Departure,Sharjah," 10,776 ", 99 ,,,,,,,,
,DMM,2024,International,Sep,Departure,Sharjah," 8,866 ", 92 ,,,,,,,,
,DMM,2024,International,Oct,Departure,Sharjah," 10,076 ", 97 ,,,,,,,,
,DMM,2024,International,Nov,Departure,Sharjah," 10,481 ", 89 ,,,,,,,,
,DMM,2024,International,Dec,Departure,Sharjah," 11,772 ", 93 ,,,,,,,,
,DMM,2024,International,Jan,Arrival ,Sialkot, 552 , 4 ,,,,,,,,
,DMM,2024,International,Feb,Arrival ,Sialkot," 1,474 ", 9 ,,,,,,,,
,DMM,2024,International,Mar,Arrival ,Sialkot," 1,226 ", 8 ,,,,,,,,
,DMM,2024,International,Apr,Arrival ,Sialkot," 1,340 ", 9 ,,,,,,,,
,DMM,2024,International,May,Arrival ,Sialkot, 759 , 5 ,,,,,,,,
,DMM,2024,International,Jun,Arrival ,Sialkot," 1,511 ", 10 ,,,,,,,,
,DMM,2024,International,Jul,Arrival ,Sialkot," 1,542 ", 9 ,,,,,,,,
,DMM,2024,International,Aug,Arrival ,Sialkot," 1,454 ", 9 ,,,,,,,,
,DMM,2024,International,Sep,Arrival ,Sialkot," 1,273 ", 9 ,,,,,,,,
,DMM,2024,International,Oct,Arrival ,Sialkot," 1,454 ", 9 ,,,,,,,,
,DMM,2024,International,Nov,Arrival ,Sialkot, 839 , 5 ,,,,,,,,
,DMM,2024,International,Dec,Arrival ,Sialkot," 1,337 ", 8 ,,,,,,,,
,DMM,2024,International,Jan,Departure,Sialkot, 416 , 3 ,,,,,,,,
,DMM,2024,International,Feb,Departure,Sialkot," 1,227 ", 9 ,,,,,,,,
,DMM,2024,International,Mar,Departure,Sialkot," 1,090 ", 8 ,,,,,,,,
,DMM,2024,International,Apr,Departure,Sialkot," 1,462 ", 9 ,,,,,,,,
,DMM,2024,International,May,Departure,Sialkot, 698 , 5 ,,,,,,,,
,DMM,2024,International,Jun,Departure,Sialkot," 1,422 ", 9 ,,,,,,,,
,DMM,2024,International,Jul,Departure,Sialkot," 1,050 ", 9 ,,,,,,,,
,DMM,2024,International,Aug,Departure,Sialkot," 1,277 ", 9 ,,,,,,,,
,DMM,2024,International,Sep,Departure,Sialkot," 1,498 ", 9 ,,,,,,,,
,DMM,2024,International,Oct,Departure,Sialkot," 1,547 ", 9 ,,,,,,,,
,DMM,2024,International,Nov,Departure,Sialkot, 790 , 5 ,,,,,,,,
,DMM,2024,International,Dec,Departure,Sialkot," 1,384 ", 9 ,,,,,,,,
,DMM,2024,International,Jan,Arrival ,Sohag," 1,473 ", 9 ,,,,,,,,
,DMM,2024,International,Feb,Arrival ,Sohag," 1,269 ", 8 ,,,,,,,,
,DMM,2024,International,Mar,Arrival ,Sohag, 997 , 9 ,,,,,,,,
,DMM,2024,International,Apr,Arrival ,Sohag," 1,275 ", 9 ,,,,,,,,
,DMM,2024,International,May,Arrival ,Sohag," 1,465 ", 9 ,,,,,,,,
,DMM,2024,International,Jun,Arrival ,Sohag," 1,359 ", 8 ,,,,,,,,
,DMM,2024,International,Jul,Arrival ,Sohag," 1,551 ", 9 ,,,,,,,,
,DMM,2024,International,Aug,Arrival ,Sohag," 1,546 ", 9 ,,,,,,,,
,DMM,2024,International,Sep,Arrival ,Sohag," 1,500 ", 9 ,,,,,,,,
,DMM,2024,International,Oct,Arrival ,Sohag," 1,288 ", 8 ,,,,,,,,
,DMM,2024,International,Nov,Arrival ,Sohag," 1,368 ", 9 ,,,,,,,,
,DMM,2024,International,Dec,Arrival ,Sohag," 1,440 ", 9 ,,,,,,,,
,DMM,2024,International,Jan,Departure,Sohag, 591 , 7 ,,,,,,,,
,DMM,2024,International,Feb,Departure,Sohag," 1,116 ", 8 ,,,,,,,,
,DMM,2024,International,Mar,Departure,Sohag," 1,431 ", 9 ,,,,,,,,
,DMM,2024,International,Apr,Departure,Sohag," 1,109 ", 8 ,,,,,,,,
,DMM,2024,International,May,Departure,Sohag," 1,408 ", 9 ,,,,,,,,
,DMM,2024,International,Jun,Departure,Sohag," 1,283 ", 8 ,,,,,,,,
,DMM,2024,International,Jul,Departure,Sohag," 1,308 ", 9 ,,,,,,,,
,DMM,2024,International,Aug,Departure,Sohag," 1,061 ", 9 ,,,,,,,,
,DMM,2024,International,Sep,Departure,Sohag," 1,236 ", 9 ,,,,,,,,
,DMM,2024,International,Oct,Departure,Sohag," 1,040 ", 8 ,,,,,,,,
,DMM,2024,International,Nov,Departure,Sohag," 1,198 ", 9 ,,,,,,,,
,DMM,2024,International,Dec,Departure,Sohag," 1,078 ", 9 ,,,,,,,,
,DMM,2024,International,Jan,Arrival ,Thiruvananthapuram," 2,351 ", 13 ,,,,,,,,
,DMM,2024,International,Feb,Arrival ,Thiruvananthapuram," 1,866 ", 12 ,,,,,,,,
,DMM,2024,International,Mar,Arrival ,Thiruvananthapuram," 2,329 ", 17 ,,,,,,,,
,DMM,2024,International,Apr,Arrival ,Thiruvananthapuram," 3,994 ", 30 ,,,,,,,,
,DMM,2024,International,May,Arrival ,Thiruvananthapuram," 3,821 ", 28 ,,,,,,,,
,DMM,2024,International,Jun,Arrival ,Thiruvananthapuram," 2,218 ", 28 ,,,,,,,,
,DMM,2024,International,Jul,Arrival ,Thiruvananthapuram," 2,871 ", 26 ,,,,,,,,
,DMM,2024,International,Aug,Arrival ,Thiruvananthapuram," 4,211 ", 31 ,,,,,,,,
,DMM,2024,International,Sep,Arrival ,Thiruvananthapuram," 4,377 ", 30 ,,,,,,,,
,DMM,2024,International,Oct,Arrival ,Thiruvananthapuram," 4,133 ", 30 ,,,,,,,,
,DMM,2024,International,Nov,Arrival ,Thiruvananthapuram," 3,207 ", 26 ,,,,,,,,
,DMM,2024,International,Dec,Arrival ,Thiruvananthapuram," 3,540 ", 31 ,,,,,,,,
,DMM,2024,International,Jan,Departure,Thiruvananthapuram," 1,544 ", 10 ,,,,,,,,
,DMM,2024,International,Feb,Departure,Thiruvananthapuram," 1,995 ", 12 ,,,,,,,,
,DMM,2024,International,Mar,Departure,Thiruvananthapuram," 2,521 ", 17 ,,,,,,,,
,DMM,2024,International,Apr,Departure,Thiruvananthapuram," 2,956 ", 30 ,,,,,,,,
,DMM,2024,International,May,Departure,Thiruvananthapuram," 3,831 ", 28 ,,,,,,,,
,DMM,2024,International,Jun,Departure,Thiruvananthapuram," 3,859 ", 27 ,,,,,,,,
,DMM,2024,International,Jul,Departure,Thiruvananthapuram," 3,545 ", 27 ,,,,,,,,
,DMM,2024,International,Aug,Departure,Thiruvananthapuram," 2,859 ", 31 ,,,,,,,,
,DMM,2024,International,Sep,Departure,Thiruvananthapuram," 3,661 ", 30 ,,,,,,,,
,DMM,2024,International,Oct,Departure,Thiruvananthapuram," 2,825 ", 29 ,,,,,,,,
,DMM,2024,International,Nov,Departure,Thiruvananthapuram," 3,065 ", 27 ,,,,,,,,
,DMM,2024,International,Dec,Departure,Thiruvananthapuram," 4,546 ", 31 ,,,,,,,,
,DMM,2024,International,Jan,Arrival ,Rome,1932,9,,,,,,,,
,DMM,2024,International,Feb,Arrival ,Rome,1613,8,,,,,,,,
,DMM,2024,International,Mar,Arrival ,Rome,1760,9,,,,,,,,
,DMM,2024,International,Apr,Arrival ,Rome,1321,9,,,,,,,,
,DMM,2024,International,May,Arrival ,Rome,1095,8,,,,,,,,
,DMM,2024,International,Jun,Arrival ,Rome,1298,9,,,,,,,,
,DMM,2024,International,Jul,Arrival ,Rome,1930,9,,,,,,,,
,DMM,2024,International,Aug,Arrival ,Rome,1772,9,,,,,,,,
,DMM,2024,International,Sep,Arrival ,Rome,1163,8,,,,,,,,
,DMM,2024,International,Oct,Arrival ,Rome,1550,8,,,,,,,,
,DMM,2024,International,Jan,Departure,Rome,971,7,,,,,,,,
,DMM,2024,International,Feb,Departure,Rome,1405,8,,,,,,,,
,DMM,2024,International,Mar,Departure,Rome,1077,9,,,,,,,,
,DMM,2024,International,Apr,Departure,Rome,1696,9,,,,,,,,
,DMM,2024,International,May,Departure,Rome,1056,8,,,,,,,,
,DMM,2024,International,Jun,Departure,Rome,1667,9,,,,,,,,
,DMM,2024,International,Jul,Departure,Rome,1088,9,,,,,,,,
,DMM,2024,International,Aug,Departure,Rome,1421,9,,,,,,,,
,DMM,2024,International,Sep,Departure,Rome,1334,8,,,,,,,,
,DMM,2024,International,Oct,Departure,Rome,793,8,,,,,,,,
,DMM,2024,International,May,Arrival ,Kannur," 1,195 ", 11 ,,,,,,,,
,DMM,2024,International,Jun,Arrival ,Kannur, 949 , 13 ,,,,,,,,
,DMM,2024,International,Jul,Arrival ,Kannur, 885 , 9 ,,,,,,,,
,DMM,2024,International,Aug,Arrival ,Kannur," 2,049 ", 15 ,,,,,,,,
,DMM,2024,International,Sep,Arrival ,Kannur," 1,754 ", 12 ,,,,,,,,
,DMM,2024,International,Oct,Arrival ,Kannur," 1,455 ", 14 ,,,,,,,,
,DMM,2024,International,Nov,Arrival ,Kannur," 1,184 ", 11 ,,,,,,,,
,DMM,2024,International,Dec,Arrival ,Kannur," 1,205 ", 12 ,,,,,,,,
,DMM,2024,International,May,Departure,Kannur," 1,762 ", 11 ,,,,,,,,
,DMM,2024,International,Jun,Departure,Kannur," 1,954 ", 13 ,,,,,,,,
,DMM,2024,International,Jul,Departure,Kannur," 1,121 ", 9 ,,,,,,,,
,DMM,2024,International,Aug,Departure,Kannur, 968 , 15 ,,,,,,,,
,DMM,2024,International,Sep,Departure,Kannur," 1,131 ", 12 ,,,,,,,,
,DMM,2024,International,Oct,Departure,Kannur," 1,078 ", 14 ,,,,,,,,
,DMM,2024,International,Nov,Departure,Kannur," 1,004 ", 11 ,,,,,,,,
,DMM,2024,International,Dec,Departure,Kannur," 1,339 ", 12 ,,,,,,,,
,DMM,2024,International,Jun,Arrival ,Trabzon," 1,625 ", 18 ,,,,,,,,
,DMM,2024,International,Jul,Arrival ,Trabzon," 3,482 ", 27 ,,,,,,,,
,DMM,2024,International,Aug,Arrival ,Trabzon," 3,466 ", 23 ,,,,,,,,
,DMM,2024,International,Jun,Departure,Trabzon," 3,009 ", 18 ,,,,,,,,
,DMM,2024,International,Jul,Departure,Trabzon," 4,129 ", 27 ,,,,,,,,
,DMM,2024,International,Aug,Departure,Trabzon," 2,224 ", 23 ,,,,,,,,
,DMM,2024,International,Jun,Arrival ,Tbilisi," 1,475 ", 17 ,,,,,,,,
,DMM,2024,International,Jul,Arrival ,Tbilisi," 3,035 ", 22 ,,,,,,,,
,DMM,2024,International,Aug,Arrival ,Tbilisi," 2,470 ", 15 ,,,,,,,,
,DMM,2024,International,Jun,Departure,Tbilisi," 2,512 ", 17 ,,,,,,,,
,DMM,2024,International,Jul,Departure,Tbilisi," 3,477 ", 22 ,,,,,,,,
,DMM,2024,International,Aug,Departure,Tbilisi," 1,423 ", 15 ,,,,,,,,
,DMM,2024,International,Jun,Arrival ,Chennai, 811 , 9 ,,,,,,,,
,DMM,2024,International,Jul,Arrival ,Chennai," 1,176 ", 8 ,,,,,,,,
,DMM,2024,International,Aug,Arrival ,Chennai," 1,242 ", 9 ,,,,,,,,
,DMM,2024,International,Sep,Arrival ,Chennai," 1,118 ", 8 ,,,,,,,,
,DMM,2024,International,Oct,Arrival ,Chennai," 1,287 ", 9 ,,,,,,,,
,DMM,2024,International,Nov,Arrival ,Chennai, 952 , 8 ,,,,,,,,
,DMM,2024,International,Dec,Arrival ,Chennai, 991 , 7 ,,,,,,,,
,DMM,2024,International,Jun,Departure,Chennai," 1,390 ", 9 ,,,,,,,,
,DMM,2024,International,Jul,Departure,Chennai, 893 , 8 ,,,,,,,,
,DMM,2024,International,Aug,Departure,Chennai, 712 , 9 ,,,,,,,,
,DMM,2024,International,Sep,Departure,Chennai, 703 , 8 ,,,,,,,,
,DMM,2024,International,Oct,Departure,Chennai, 912 , 9 ,,,,,,,,
,DMM,2024,International,Nov,Departure,Chennai," 1,267 ", 8 ,,,,,,,,
,DMM,2024,International,Dec,Departure,Chennai," 1,051 ", 6 ,,,,,,,,
,DMM,2024,International,Jun,Arrival ,Salalah, 237 , 5 ,,,,,,,,
,DMM,2024,International,Jul,Arrival ,Salalah, 906 , 9 ,,,,,,,,
,DMM,2024,International,Aug,Arrival ,Salalah," 1,475 ", 9 ,,,,,,,,
,DMM,2024,International,Sep,Arrival ,Salalah, 172 , 1 ,,,,,,,,
,DMM,2024,International,Jun,Departure,Salalah, 341 , 5 ,,,,,,,,
,DMM,2024,International,Jul,Departure,Salalah," 1,113 ", 9 ,,,,,,,,
,DMM,2024,International,Aug,Departure,Salalah," 1,238 ", 10 ,,,,,,,,
,DMM,2024,International,Oct,Arrival ,Beijingÿ, 130 , 1 ,,,,,,,,
,DMM,2024,International,Nov,Arrival ,Beijingÿ, 953 , 9 ,,,,,,,,
,DMM,2024,International,Dec,Arrival ,Beijingÿ, 917 , 9 ,,,,,,,,
,DMM,2024,International,Oct,Departure,Beijingÿ, 20 , 1 ,,,,,,,,
,DMM,2024,International,Nov,Departure,Beijingÿ, 538 , 9 ,,,,,,,,
,DMM,2024,International,Dec,Departure,Beijingÿ, 787 , 9 ,,,,,,,,
,DMM,2024,International,Oct,Arrival ,Multan, 520 , 4 ,,,,,,,,
,DMM,2024,International,Nov,Arrival ,Multan, 734 , 5 ,,,,,,,,
,DMM,2024,International,Dec,Arrival ,Multan, 715 , 4 ,,,,,,,,
,DMM,2024,International,Oct,Departure,Multan, 659 , 4 ,,,,,,,,
,DMM,2024,International,Nov,Departure,Multan, 843 , 5 ,,,,,,,,
,DMM,2024,International,Dec,Departure,Multan, 676 , 4 ,,,,,,,,
,DMM,2024,International,Dec,Arrival ,Mashhad," 1,589 ", 14 ,,,,,,,,
,DMM,2024,International,Dec,Departure,Mashhad," 1,567 ", 14 ,,,,,,,,
,DMM,2024,International,Jan ,Arrival ,Budapest," 1,154 ", 6 ,,,,,,,,
,DMM,2024,International,Jan ,Departure,Budapest, 599 , 4 ,,,,,,,,
,DMM,2024,International,Jan ,Arrival ,Vienna, 947 , 5 ,,,,,,,,
,DMM,2024,International,Jan ,Departure,Vienna, 431 , 3 ,,,,,,,,
,,,,,,," 11,652,478 "," 84,828 ",,,,,,,,
